customer_id,plan_id,start_date
1,0,2020-08-01T00:00:00.000Z
1,1,2020-08-08T00:00:00.000Z
2,0,2020-09-20T00:00:00.000Z
2,3,2020-09-27T00:00:00.000Z
3,0,2020-01-13T00:00:00.000Z
3,1,2020-01-20T00:00:00.000Z
4,0,2020-01-17T00:00:00.000Z
4,1,2020-01-24T00:00:00.000Z
4,4,2020-04-21T00:00:00.000Z
5,0,2020-08-03T00:00:00.000Z
5,1,2020-08-10T00:00:00.000Z
6,0,2020-12-23T00:00:00.000Z
6,1,2020-12-30T00:00:00.000Z
6,4,2021-02-26T00:00:00.000Z
7,0,2020-02-05T00:00:00.000Z
7,1,2020-02-12T00:00:00.000Z
7,2,2020-05-22T00:00:00.000Z
8,0,2020-06-11T00:00:00.000Z
8,1,2020-06-18T00:00:00.000Z
8,2,2020-08-03T00:00:00.000Z
9,0,2020-12-07T00:00:00.000Z
9,3,2020-12-14T00:00:00.000Z
10,0,2020-09-19T00:00:00.000Z
10,2,2020-09-26T00:00:00.000Z
11,0,2020-11-19T00:00:00.000Z
11,4,2020-11-26T00:00:00.000Z
12,0,2020-09-22T00:00:00.000Z
12,1,2020-09-29T00:00:00.000Z
13,0,2020-12-15T00:00:00.000Z
13,1,2020-12-22T00:00:00.000Z
13,2,2021-03-29T00:00:00.000Z
14,0,2020-09-22T00:00:00.000Z
14,1,2020-09-29T00:00:00.000Z
15,0,2020-03-17T00:00:00.000Z
15,2,2020-03-24T00:00:00.000Z
15,4,2020-04-29T00:00:00.000Z
16,0,2020-05-31T00:00:00.000Z
16,1,2020-06-07T00:00:00.000Z
16,3,2020-10-21T00:00:00.000Z
17,0,2020-07-27T00:00:00.000Z
17,1,2020-08-03T00:00:00.000Z
17,3,2020-12-11T00:00:00.000Z
18,0,2020-07-06T00:00:00.000Z
18,2,2020-07-13T00:00:00.000Z
19,0,2020-06-22T00:00:00.000Z
19,2,2020-06-29T00:00:00.000Z
19,3,2020-08-29T00:00:00.000Z
20,0,2020-04-08T00:00:00.000Z
20,1,2020-04-15T00:00:00.000Z
20,3,2020-06-05T00:00:00.000Z
21,0,2020-02-04T00:00:00.000Z
21,1,2020-02-11T00:00:00.000Z
21,2,2020-06-03T00:00:00.000Z
21,4,2020-09-27T00:00:00.000Z
22,0,2020-01-10T00:00:00.000Z
22,2,2020-01-17T00:00:00.000Z
23,0,2020-05-13T00:00:00.000Z
23,3,2020-05-20T00:00:00.000Z
24,0,2020-11-10T00:00:00.000Z
24,2,2020-11-17T00:00:00.000Z
24,3,2021-04-17T00:00:00.000Z
25,0,2020-05-10T00:00:00.000Z
25,1,2020-05-17T00:00:00.000Z
25,2,2020-06-16T00:00:00.000Z
26,0,2020-12-08T00:00:00.000Z
26,2,2020-12-15T00:00:00.000Z
27,0,2020-08-24T00:00:00.000Z
27,2,2020-08-31T00:00:00.000Z
28,0,2020-06-30T00:00:00.000Z
28,3,2020-07-07T00:00:00.000Z
29,0,2020-01-23T00:00:00.000Z
29,2,2020-01-30T00:00:00.000Z
30,0,2020-04-29T00:00:00.000Z
30,1,2020-05-06T00:00:00.000Z
31,0,2020-06-22T00:00:00.000Z
31,2,2020-06-29T00:00:00.000Z
31,3,2020-11-29T00:00:00.000Z
32,0,2020-06-12T00:00:00.000Z
32,1,2020-06-19T00:00:00.000Z
32,2,2020-07-18T00:00:00.000Z
33,0,2020-09-03T00:00:00.000Z
33,2,2020-09-10T00:00:00.000Z
33,4,2021-02-05T00:00:00.000Z
34,0,2020-12-20T00:00:00.000Z
34,1,2020-12-27T00:00:00.000Z
34,2,2021-03-26T00:00:00.000Z
35,0,2020-09-03T00:00:00.000Z
35,2,2020-09-10T00:00:00.000Z
36,0,2020-02-25T00:00:00.000Z
36,2,2020-03-03T00:00:00.000Z
37,0,2020-08-05T00:00:00.000Z
37,1,2020-08-12T00:00:00.000Z
37,2,2020-11-11T00:00:00.000Z
38,0,2020-10-02T00:00:00.000Z
38,2,2020-10-09T00:00:00.000Z
38,3,2020-11-09T00:00:00.000Z
39,0,2020-05-28T00:00:00.000Z
39,1,2020-06-04T00:00:00.000Z
39,2,2020-08-25T00:00:00.000Z
39,4,2020-09-10T00:00:00.000Z
40,0,2020-01-22T00:00:00.000Z
40,1,2020-01-29T00:00:00.000Z
40,2,2020-03-25T00:00:00.000Z
41,0,2020-05-16T00:00:00.000Z
41,2,2020-05-23T00:00:00.000Z
42,0,2020-10-27T00:00:00.000Z
42,1,2020-11-03T00:00:00.000Z
42,2,2021-04-28T00:00:00.000Z
43,0,2020-08-13T00:00:00.000Z
43,1,2020-08-20T00:00:00.000Z
43,2,2020-12-18T00:00:00.000Z
44,0,2020-03-17T00:00:00.000Z
44,3,2020-03-24T00:00:00.000Z
45,0,2020-02-11T00:00:00.000Z
45,1,2020-02-18T00:00:00.000Z
45,2,2020-08-12T00:00:00.000Z
46,0,2020-04-19T00:00:00.000Z
46,1,2020-04-26T00:00:00.000Z
46,2,2020-07-06T00:00:00.000Z
46,3,2020-08-06T00:00:00.000Z
47,0,2020-06-06T00:00:00.000Z
47,1,2020-06-13T00:00:00.000Z
47,3,2020-10-26T00:00:00.000Z
48,0,2020-01-11T00:00:00.000Z
48,1,2020-01-18T00:00:00.000Z
48,4,2020-06-01T00:00:00.000Z
49,0,2020-04-24T00:00:00.000Z
49,2,2020-05-01T00:00:00.000Z
49,3,2020-08-01T00:00:00.000Z
50,0,2020-07-21T00:00:00.000Z
50,2,2020-07-28T00:00:00.000Z
51,0,2020-01-19T00:00:00.000Z
51,1,2020-01-26T00:00:00.000Z
51,3,2020-03-09T00:00:00.000Z
51,4,2021-03-09T00:00:00.000Z
52,0,2020-05-31T00:00:00.000Z
52,1,2020-06-07T00:00:00.000Z
52,4,2020-07-05T00:00:00.000Z
53,0,2020-01-18T00:00:00.000Z
53,1,2020-01-25T00:00:00.000Z
54,0,2020-05-23T00:00:00.000Z
54,2,2020-05-30T00:00:00.000Z
55,0,2020-10-22T00:00:00.000Z
55,1,2020-10-29T00:00:00.000Z
55,3,2021-03-01T00:00:00.000Z
56,0,2020-01-03T00:00:00.000Z
56,3,2020-01-10T00:00:00.000Z
57,0,2020-03-03T00:00:00.000Z
57,2,2020-03-10T00:00:00.000Z
58,0,2020-07-04T00:00:00.000Z
58,1,2020-07-11T00:00:00.000Z
58,3,2020-09-24T00:00:00.000Z
59,0,2020-10-30T00:00:00.000Z
59,1,2020-11-06T00:00:00.000Z
59,4,2021-04-29T00:00:00.000Z
60,0,2020-06-17T00:00:00.000Z
60,1,2020-06-24T00:00:00.000Z
61,0,2020-08-31T00:00:00.000Z
61,1,2020-09-07T00:00:00.000Z
61,3,2021-02-13T00:00:00.000Z
62,0,2020-10-12T00:00:00.000Z
62,1,2020-10-19T00:00:00.000Z
62,2,2021-01-02T00:00:00.000Z
62,4,2021-02-23T00:00:00.000Z
63,0,2020-05-28T00:00:00.000Z
63,1,2020-06-04T00:00:00.000Z
63,4,2020-06-18T00:00:00.000Z
64,0,2020-03-08T00:00:00.000Z
64,1,2020-03-15T00:00:00.000Z
64,2,2020-04-03T00:00:00.000Z
64,4,2020-04-27T00:00:00.000Z
65,0,2020-05-12T00:00:00.000Z
65,1,2020-05-19T00:00:00.000Z
65,2,2020-10-09T00:00:00.000Z
66,0,2020-07-30T00:00:00.000Z
66,1,2020-08-06T00:00:00.000Z
66,3,2020-10-04T00:00:00.000Z
67,0,2020-08-14T00:00:00.000Z
67,2,2020-08-21T00:00:00.000Z
68,0,2020-04-10T00:00:00.000Z
68,3,2020-04-17T00:00:00.000Z
69,0,2020-03-07T00:00:00.000Z
69,1,2020-03-14T00:00:00.000Z
69,2,2020-04-14T00:00:00.000Z
70,0,2020-07-06T00:00:00.000Z
70,1,2020-07-13T00:00:00.000Z
70,2,2021-01-06T00:00:00.000Z
71,0,2020-07-23T00:00:00.000Z
71,2,2020-07-30T00:00:00.000Z
71,4,2020-12-08T00:00:00.000Z
72,0,2020-12-10T00:00:00.000Z
72,2,2020-12-17T00:00:00.000Z
72,4,2021-02-01T00:00:00.000Z
73,0,2020-03-24T00:00:00.000Z
73,1,2020-03-31T00:00:00.000Z
73,2,2020-05-13T00:00:00.000Z
73,3,2020-10-13T00:00:00.000Z
74,0,2020-05-24T00:00:00.000Z
74,1,2020-05-31T00:00:00.000Z
74,3,2020-10-01T00:00:00.000Z
75,0,2020-07-14T00:00:00.000Z
75,1,2020-07-21T00:00:00.000Z
75,2,2020-11-19T00:00:00.000Z
76,0,2020-08-31T00:00:00.000Z
76,3,2020-09-07T00:00:00.000Z
77,0,2020-04-18T00:00:00.000Z
77,2,2020-04-25T00:00:00.000Z
77,3,2020-10-25T00:00:00.000Z
78,0,2020-09-03T00:00:00.000Z
78,2,2020-09-10T00:00:00.000Z
78,4,2021-02-19T00:00:00.000Z
79,0,2020-07-30T00:00:00.000Z
79,2,2020-08-06T00:00:00.000Z
80,0,2020-09-23T00:00:00.000Z
80,2,2020-09-30T00:00:00.000Z
80,4,2021-01-17T00:00:00.000Z
81,0,2020-05-29T00:00:00.000Z
81,2,2020-06-05T00:00:00.000Z
81,4,2020-10-20T00:00:00.000Z
82,0,2020-05-02T00:00:00.000Z
82,1,2020-05-09T00:00:00.000Z
83,0,2020-05-18T00:00:00.000Z
83,1,2020-05-25T00:00:00.000Z
83,2,2020-10-29T00:00:00.000Z
83,3,2021-04-29T00:00:00.000Z
84,0,2020-06-14T00:00:00.000Z
84,1,2020-06-21T00:00:00.000Z
84,4,2020-07-07T00:00:00.000Z
85,0,2020-08-13T00:00:00.000Z
85,1,2020-08-20T00:00:00.000Z
86,0,2020-07-10T00:00:00.000Z
86,3,2020-07-17T00:00:00.000Z
87,0,2020-08-08T00:00:00.000Z
87,2,2020-08-15T00:00:00.000Z
87,3,2020-09-15T00:00:00.000Z
88,0,2020-12-30T00:00:00.000Z
88,2,2021-01-06T00:00:00.000Z
89,0,2020-03-05T00:00:00.000Z
89,2,2020-03-12T00:00:00.000Z
89,4,2020-09-02T00:00:00.000Z
90,0,2020-11-25T00:00:00.000Z
90,1,2020-12-02T00:00:00.000Z
90,2,2021-03-28T00:00:00.000Z
90,3,2021-04-28T00:00:00.000Z
91,0,2020-09-08T00:00:00.000Z
91,2,2020-09-15T00:00:00.000Z
91,4,2021-03-04T00:00:00.000Z
92,0,2020-11-02T00:00:00.000Z
92,1,2020-11-09T00:00:00.000Z
93,0,2020-03-14T00:00:00.000Z
93,2,2020-03-21T00:00:00.000Z
93,4,2020-08-30T00:00:00.000Z
94,0,2020-12-09T00:00:00.000Z
94,2,2020-12-16T00:00:00.000Z
95,0,2020-11-02T00:00:00.000Z
95,1,2020-11-09T00:00:00.000Z
95,2,2021-03-16T00:00:00.000Z
96,0,2020-08-22T00:00:00.000Z
96,1,2020-08-29T00:00:00.000Z
96,3,2021-01-23T00:00:00.000Z
97,0,2020-10-29T00:00:00.000Z
97,1,2020-11-05T00:00:00.000Z
98,0,2020-01-05T00:00:00.000Z
98,1,2020-01-12T00:00:00.000Z
98,2,2020-01-22T00:00:00.000Z
98,4,2020-04-05T00:00:00.000Z
99,0,2020-12-05T00:00:00.000Z
99,4,2020-12-12T00:00:00.000Z
100,0,2020-06-02T00:00:00.000Z
100,1,2020-06-09T00:00:00.000Z
100,2,2020-09-11T00:00:00.000Z
101,0,2020-06-08T00:00:00.000Z
101,1,2020-06-15T00:00:00.000Z
101,3,2020-07-20T00:00:00.000Z
102,0,2020-06-02T00:00:00.000Z
102,1,2020-06-09T00:00:00.000Z
102,2,2020-06-18T00:00:00.000Z
102,4,2020-12-01T00:00:00.000Z
103,0,2020-07-24T00:00:00.000Z
103,2,2020-07-31T00:00:00.000Z
103,4,2020-10-28T00:00:00.000Z
104,0,2020-03-29T00:00:00.000Z
104,2,2020-04-05T00:00:00.000Z
105,0,2020-09-20T00:00:00.000Z
105,1,2020-09-27T00:00:00.000Z
105,3,2020-10-22T00:00:00.000Z
106,0,2020-08-02T00:00:00.000Z
106,3,2020-08-09T00:00:00.000Z
107,0,2020-01-12T00:00:00.000Z
107,1,2020-01-19T00:00:00.000Z
107,2,2020-03-23T00:00:00.000Z
108,0,2020-09-10T00:00:00.000Z
108,4,2020-09-17T00:00:00.000Z
109,0,2020-10-12T00:00:00.000Z
109,1,2020-10-19T00:00:00.000Z
109,2,2021-03-20T00:00:00.000Z
110,0,2020-05-12T00:00:00.000Z
110,2,2020-05-19T00:00:00.000Z
111,0,2020-08-25T00:00:00.000Z
111,3,2020-09-01T00:00:00.000Z
112,0,2020-10-20T00:00:00.000Z
112,2,2020-10-27T00:00:00.000Z
112,4,2021-01-08T00:00:00.000Z
113,0,2020-04-10T00:00:00.000Z
113,1,2020-04-17T00:00:00.000Z
113,2,2020-09-13T00:00:00.000Z
113,4,2020-11-01T00:00:00.000Z
114,0,2020-06-05T00:00:00.000Z
114,1,2020-06-12T00:00:00.000Z
114,3,2020-09-13T00:00:00.000Z
115,0,2020-08-14T00:00:00.000Z
115,3,2020-08-21T00:00:00.000Z
116,0,2020-05-23T00:00:00.000Z
116,1,2020-05-30T00:00:00.000Z
116,4,2020-09-15T00:00:00.000Z
117,0,2020-05-22T00:00:00.000Z
117,1,2020-05-29T00:00:00.000Z
117,3,2020-11-14T00:00:00.000Z
118,0,2020-01-24T00:00:00.000Z
118,1,2020-01-31T00:00:00.000Z
118,4,2020-06-30T00:00:00.000Z
119,0,2020-11-09T00:00:00.000Z
119,1,2020-11-16T00:00:00.000Z
119,3,2021-02-27T00:00:00.000Z
120,0,2020-05-14T00:00:00.000Z
120,2,2020-05-21T00:00:00.000Z
120,3,2020-09-21T00:00:00.000Z
121,0,2020-06-18T00:00:00.000Z
121,1,2020-06-25T00:00:00.000Z
121,3,2020-10-07T00:00:00.000Z
122,0,2020-03-30T00:00:00.000Z
122,4,2020-04-06T00:00:00.000Z
123,0,2020-03-12T00:00:00.000Z
123,1,2020-03-19T00:00:00.000Z
123,4,2020-05-15T00:00:00.000Z
124,0,2020-03-17T00:00:00.000Z
124,1,2020-03-24T00:00:00.000Z
124,3,2020-06-20T00:00:00.000Z
125,0,2020-08-07T00:00:00.000Z
125,1,2020-08-14T00:00:00.000Z
125,4,2020-12-03T00:00:00.000Z
126,0,2020-09-15T00:00:00.000Z
126,1,2020-09-22T00:00:00.000Z
127,0,2020-05-23T00:00:00.000Z
127,2,2020-05-30T00:00:00.000Z
127,4,2020-08-11T00:00:00.000Z
128,0,2020-01-19T00:00:00.000Z
128,4,2020-01-26T00:00:00.000Z
129,0,2020-07-23T00:00:00.000Z
129,1,2020-07-30T00:00:00.000Z
130,0,2020-09-22T00:00:00.000Z
130,2,2020-09-29T00:00:00.000Z
131,0,2020-10-16T00:00:00.000Z
131,3,2020-10-23T00:00:00.000Z
132,0,2020-10-18T00:00:00.000Z
132,1,2020-10-25T00:00:00.000Z
132,4,2021-01-07T00:00:00.000Z
133,0,2020-03-29T00:00:00.000Z
133,1,2020-04-05T00:00:00.000Z
133,3,2020-07-11T00:00:00.000Z
134,0,2020-07-02T00:00:00.000Z
134,2,2020-07-09T00:00:00.000Z
135,0,2020-12-23T00:00:00.000Z
135,4,2020-12-30T00:00:00.000Z
136,0,2020-08-16T00:00:00.000Z
136,4,2020-08-23T00:00:00.000Z
137,0,2020-08-12T00:00:00.000Z
137,2,2020-08-19T00:00:00.000Z
138,0,2020-10-26T00:00:00.000Z
138,1,2020-11-02T00:00:00.000Z
138,2,2020-12-25T00:00:00.000Z
138,3,2021-01-25T00:00:00.000Z
139,0,2020-07-17T00:00:00.000Z
139,2,2020-07-24T00:00:00.000Z
140,0,2020-12-25T00:00:00.000Z
140,1,2021-01-01T00:00:00.000Z
141,0,2020-04-19T00:00:00.000Z
141,1,2020-04-26T00:00:00.000Z
141,3,2020-10-18T00:00:00.000Z
142,0,2020-05-30T00:00:00.000Z
142,2,2020-06-06T00:00:00.000Z
143,0,2020-12-20T00:00:00.000Z
143,1,2020-12-27T00:00:00.000Z
143,4,2021-03-03T00:00:00.000Z
144,0,2020-09-04T00:00:00.000Z
144,1,2020-09-11T00:00:00.000Z
144,2,2021-02-09T00:00:00.000Z
145,0,2020-01-17T00:00:00.000Z
145,2,2020-01-24T00:00:00.000Z
146,0,2020-07-05T00:00:00.000Z
146,1,2020-07-12T00:00:00.000Z
146,2,2020-10-28T00:00:00.000Z
146,4,2020-12-18T00:00:00.000Z
147,0,2020-12-18T00:00:00.000Z
147,2,2020-12-25T00:00:00.000Z
148,0,2020-03-12T00:00:00.000Z
148,2,2020-03-19T00:00:00.000Z
149,0,2020-12-19T00:00:00.000Z
149,1,2020-12-26T00:00:00.000Z
150,0,2020-02-05T00:00:00.000Z
150,2,2020-02-12T00:00:00.000Z
151,0,2020-09-07T00:00:00.000Z
151,1,2020-09-14T00:00:00.000Z
151,2,2020-09-17T00:00:00.000Z
152,0,2020-10-14T00:00:00.000Z
152,1,2020-10-21T00:00:00.000Z
152,2,2021-03-08T00:00:00.000Z
153,0,2020-11-28T00:00:00.000Z
153,2,2020-12-05T00:00:00.000Z
154,0,2020-03-18T00:00:00.000Z
154,1,2020-03-25T00:00:00.000Z
154,2,2020-05-01T00:00:00.000Z
155,0,2020-09-13T00:00:00.000Z
155,4,2020-09-20T00:00:00.000Z
156,0,2020-01-19T00:00:00.000Z
156,4,2020-01-26T00:00:00.000Z
157,0,2020-04-23T00:00:00.000Z
157,1,2020-04-30T00:00:00.000Z
157,3,2020-05-11T00:00:00.000Z
158,0,2020-03-02T00:00:00.000Z
158,1,2020-03-09T00:00:00.000Z
158,2,2020-05-09T00:00:00.000Z
159,0,2020-09-09T00:00:00.000Z
159,2,2020-09-16T00:00:00.000Z
160,0,2020-11-16T00:00:00.000Z
160,1,2020-11-23T00:00:00.000Z
161,0,2020-12-17T00:00:00.000Z
161,4,2020-12-24T00:00:00.000Z
162,0,2020-02-23T00:00:00.000Z
162,4,2020-03-01T00:00:00.000Z
163,0,2020-12-23T00:00:00.000Z
163,2,2020-12-30T00:00:00.000Z
164,0,2020-11-27T00:00:00.000Z
164,2,2020-12-04T00:00:00.000Z
164,4,2020-12-24T00:00:00.000Z
165,0,2020-10-05T00:00:00.000Z
165,1,2020-10-12T00:00:00.000Z
165,3,2020-11-08T00:00:00.000Z
166,0,2020-07-03T00:00:00.000Z
166,1,2020-07-10T00:00:00.000Z
166,4,2020-09-22T00:00:00.000Z
167,0,2020-05-07T00:00:00.000Z
167,2,2020-05-14T00:00:00.000Z
168,0,2020-03-07T00:00:00.000Z
168,2,2020-03-14T00:00:00.000Z
169,0,2020-04-07T00:00:00.000Z
169,4,2020-04-14T00:00:00.000Z
170,0,2020-04-18T00:00:00.000Z
170,1,2020-04-25T00:00:00.000Z
170,2,2020-08-28T00:00:00.000Z
170,3,2020-12-28T00:00:00.000Z
171,0,2020-11-28T00:00:00.000Z
171,2,2020-12-05T00:00:00.000Z
172,0,2020-12-05T00:00:00.000Z
172,1,2020-12-12T00:00:00.000Z
172,4,2021-02-15T00:00:00.000Z
173,0,2020-06-24T00:00:00.000Z
173,2,2020-07-01T00:00:00.000Z
174,0,2020-02-01T00:00:00.000Z
174,1,2020-02-08T00:00:00.000Z
174,3,2020-07-10T00:00:00.000Z
175,0,2020-08-15T00:00:00.000Z
175,2,2020-08-22T00:00:00.000Z
175,4,2020-11-23T00:00:00.000Z
176,0,2020-09-13T00:00:00.000Z
176,1,2020-09-20T00:00:00.000Z
177,0,2020-05-01T00:00:00.000Z
177,2,2020-05-08T00:00:00.000Z
177,4,2020-09-09T00:00:00.000Z
178,0,2020-02-22T00:00:00.000Z
178,4,2020-02-29T00:00:00.000Z
179,0,2020-06-13T00:00:00.000Z
179,2,2020-06-20T00:00:00.000Z
179,4,2020-09-25T00:00:00.000Z
180,0,2020-10-31T00:00:00.000Z
180,1,2020-11-07T00:00:00.000Z
180,2,2021-01-17T00:00:00.000Z
181,0,2020-02-11T00:00:00.000Z
181,2,2020-02-18T00:00:00.000Z
182,0,2020-09-26T00:00:00.000Z
182,1,2020-10-03T00:00:00.000Z
182,4,2021-02-25T00:00:00.000Z
183,0,2020-09-25T00:00:00.000Z
183,2,2020-10-02T00:00:00.000Z
184,0,2020-02-16T00:00:00.000Z
184,1,2020-02-23T00:00:00.000Z
185,0,2020-12-03T00:00:00.000Z
185,2,2020-12-10T00:00:00.000Z
186,0,2020-09-30T00:00:00.000Z
186,2,2020-10-07T00:00:00.000Z
186,4,2021-02-05T00:00:00.000Z
187,0,2020-09-19T00:00:00.000Z
187,3,2020-09-26T00:00:00.000Z
188,0,2020-02-22T00:00:00.000Z
188,1,2020-02-29T00:00:00.000Z
189,0,2020-12-09T00:00:00.000Z
189,2,2020-12-16T00:00:00.000Z
190,0,2020-04-20T00:00:00.000Z
190,1,2020-04-27T00:00:00.000Z
190,3,2020-09-04T00:00:00.000Z
191,0,2020-01-02T00:00:00.000Z
191,2,2020-01-09T00:00:00.000Z
192,0,2020-07-29T00:00:00.000Z
192,1,2020-08-05T00:00:00.000Z
193,0,2020-05-19T00:00:00.000Z
193,1,2020-05-26T00:00:00.000Z
193,2,2020-09-21T00:00:00.000Z
193,3,2020-10-21T00:00:00.000Z
194,0,2020-11-20T00:00:00.000Z
194,2,2020-11-27T00:00:00.000Z
194,4,2021-01-13T00:00:00.000Z
195,0,2020-02-08T00:00:00.000Z
195,2,2020-02-15T00:00:00.000Z
195,3,2020-06-15T00:00:00.000Z
196,0,2020-03-09T00:00:00.000Z
196,2,2020-03-16T00:00:00.000Z
197,0,2020-05-17T00:00:00.000Z
197,2,2020-05-24T00:00:00.000Z
197,4,2020-07-01T00:00:00.000Z
198,0,2020-11-11T00:00:00.000Z
198,1,2020-11-18T00:00:00.000Z
198,4,2021-03-16T00:00:00.000Z
199,0,2020-12-09T00:00:00.000Z
199,2,2020-12-16T00:00:00.000Z
200,0,2020-04-05T00:00:00.000Z
200,2,2020-04-12T00:00:00.000Z
201,0,2020-03-07T00:00:00.000Z
201,1,2020-03-14T00:00:00.000Z
202,0,2020-07-01T00:00:00.000Z
202,2,2020-07-08T00:00:00.000Z
203,0,2020-08-24T00:00:00.000Z
203,1,2020-08-31T00:00:00.000Z
203,3,2020-09-19T00:00:00.000Z
204,0,2020-06-10T00:00:00.000Z
204,1,2020-06-17T00:00:00.000Z
204,4,2020-10-05T00:00:00.000Z
205,0,2020-11-02T00:00:00.000Z
205,1,2020-11-09T00:00:00.000Z
205,3,2021-03-13T00:00:00.000Z
206,0,2020-03-17T00:00:00.000Z
206,1,2020-03-24T00:00:00.000Z
206,3,2020-09-02T00:00:00.000Z
207,0,2020-05-20T00:00:00.000Z
207,1,2020-05-27T00:00:00.000Z
208,0,2020-06-12T00:00:00.000Z
208,2,2020-06-19T00:00:00.000Z
208,3,2020-09-19T00:00:00.000Z
209,0,2020-08-13T00:00:00.000Z
209,2,2020-08-20T00:00:00.000Z
210,0,2020-02-09T00:00:00.000Z
210,2,2020-02-16T00:00:00.000Z
210,4,2020-06-21T00:00:00.000Z
211,0,2020-10-10T00:00:00.000Z
211,1,2020-10-17T00:00:00.000Z
211,3,2020-10-18T00:00:00.000Z
212,0,2020-03-02T00:00:00.000Z
212,1,2020-03-09T00:00:00.000Z
213,0,2020-08-07T00:00:00.000Z
213,3,2020-08-14T00:00:00.000Z
214,0,2020-02-03T00:00:00.000Z
214,1,2020-02-10T00:00:00.000Z
214,2,2020-05-07T00:00:00.000Z
214,4,2020-08-21T00:00:00.000Z
215,0,2020-04-16T00:00:00.000Z
215,2,2020-04-23T00:00:00.000Z
215,3,2020-07-23T00:00:00.000Z
216,0,2020-08-26T00:00:00.000Z
216,2,2020-09-02T00:00:00.000Z
217,0,2020-12-06T00:00:00.000Z
217,2,2020-12-13T00:00:00.000Z
218,0,2020-12-02T00:00:00.000Z
218,1,2020-12-09T00:00:00.000Z
218,4,2021-04-24T00:00:00.000Z
219,0,2020-10-22T00:00:00.000Z
219,2,2020-10-29T00:00:00.000Z
219,3,2021-04-29T00:00:00.000Z
220,0,2020-06-08T00:00:00.000Z
220,4,2020-06-15T00:00:00.000Z
221,0,2020-09-27T00:00:00.000Z
221,1,2020-10-04T00:00:00.000Z
221,3,2021-03-29T00:00:00.000Z
222,0,2020-08-29T00:00:00.000Z
222,1,2020-09-05T00:00:00.000Z
222,4,2020-12-25T00:00:00.000Z
223,0,2020-08-01T00:00:00.000Z
223,1,2020-08-08T00:00:00.000Z
223,3,2021-01-31T00:00:00.000Z
224,0,2020-01-26T00:00:00.000Z
224,2,2020-02-02T00:00:00.000Z
224,3,2020-05-02T00:00:00.000Z
225,0,2020-12-27T00:00:00.000Z
225,4,2021-01-03T00:00:00.000Z
226,0,2020-11-01T00:00:00.000Z
226,1,2020-11-08T00:00:00.000Z
226,2,2020-11-24T00:00:00.000Z
227,0,2020-03-02T00:00:00.000Z
227,2,2020-03-09T00:00:00.000Z
227,3,2020-08-09T00:00:00.000Z
228,0,2020-10-02T00:00:00.000Z
228,2,2020-10-09T00:00:00.000Z
228,3,2021-02-09T00:00:00.000Z
229,0,2020-07-24T00:00:00.000Z
229,1,2020-07-31T00:00:00.000Z
229,4,2021-01-24T00:00:00.000Z
230,0,2020-04-08T00:00:00.000Z
230,4,2020-04-15T00:00:00.000Z
231,0,2020-05-13T00:00:00.000Z
231,1,2020-05-20T00:00:00.000Z
231,2,2020-07-09T00:00:00.000Z
232,0,2020-08-26T00:00:00.000Z
232,1,2020-09-02T00:00:00.000Z
232,2,2021-02-03T00:00:00.000Z
233,0,2020-07-31T00:00:00.000Z
233,1,2020-08-07T00:00:00.000Z
233,3,2020-10-29T00:00:00.000Z
234,0,2020-01-19T00:00:00.000Z
234,2,2020-01-26T00:00:00.000Z
235,0,2020-08-20T00:00:00.000Z
235,1,2020-08-27T00:00:00.000Z
235,2,2020-10-17T00:00:00.000Z
236,0,2020-06-22T00:00:00.000Z
236,1,2020-06-29T00:00:00.000Z
237,0,2020-11-07T00:00:00.000Z
237,1,2020-11-14T00:00:00.000Z
237,2,2021-03-24T00:00:00.000Z
238,0,2020-10-27T00:00:00.000Z
238,1,2020-11-03T00:00:00.000Z
238,3,2020-12-23T00:00:00.000Z
239,0,2020-08-15T00:00:00.000Z
239,1,2020-08-22T00:00:00.000Z
239,4,2020-10-20T00:00:00.000Z
240,0,2020-01-14T00:00:00.000Z
240,1,2020-01-21T00:00:00.000Z
240,3,2020-03-03T00:00:00.000Z
240,4,2021-03-03T00:00:00.000Z
241,0,2020-10-03T00:00:00.000Z
241,1,2020-10-10T00:00:00.000Z
241,3,2020-11-11T00:00:00.000Z
242,0,2020-10-19T00:00:00.000Z
242,2,2020-10-26T00:00:00.000Z
243,0,2020-09-04T00:00:00.000Z
243,1,2020-09-11T00:00:00.000Z
244,0,2020-03-04T00:00:00.000Z
244,2,2020-03-11T00:00:00.000Z
245,0,2020-03-28T00:00:00.000Z
245,4,2020-04-04T00:00:00.000Z
246,0,2020-01-27T00:00:00.000Z
246,1,2020-02-03T00:00:00.000Z
247,0,2020-07-07T00:00:00.000Z
247,1,2020-07-14T00:00:00.000Z
247,2,2020-08-20T00:00:00.000Z
248,0,2020-11-09T00:00:00.000Z
248,1,2020-11-16T00:00:00.000Z
249,0,2020-02-18T00:00:00.000Z
249,2,2020-02-25T00:00:00.000Z
250,0,2020-06-15T00:00:00.000Z
250,2,2020-06-22T00:00:00.000Z
250,3,2020-09-22T00:00:00.000Z
251,0,2020-03-09T00:00:00.000Z
251,4,2020-03-16T00:00:00.000Z
252,0,2020-11-08T00:00:00.000Z
252,1,2020-11-15T00:00:00.000Z
252,2,2020-12-23T00:00:00.000Z
253,0,2020-05-15T00:00:00.000Z
253,2,2020-05-22T00:00:00.000Z
253,4,2020-10-12T00:00:00.000Z
254,0,2020-07-23T00:00:00.000Z
254,4,2020-07-30T00:00:00.000Z
255,0,2020-03-29T00:00:00.000Z
255,2,2020-04-05T00:00:00.000Z
255,3,2020-10-05T00:00:00.000Z
256,0,2020-07-13T00:00:00.000Z
256,1,2020-07-20T00:00:00.000Z
256,2,2020-11-23T00:00:00.000Z
257,0,2020-01-15T00:00:00.000Z
257,2,2020-01-22T00:00:00.000Z
257,3,2020-04-22T00:00:00.000Z
257,4,2021-04-22T00:00:00.000Z
258,0,2020-06-19T00:00:00.000Z
258,1,2020-06-26T00:00:00.000Z
258,3,2020-07-06T00:00:00.000Z
259,0,2020-11-09T00:00:00.000Z
259,1,2020-11-16T00:00:00.000Z
259,2,2021-02-13T00:00:00.000Z
260,0,2020-09-21T00:00:00.000Z
260,2,2020-09-28T00:00:00.000Z
261,0,2020-03-12T00:00:00.000Z
261,2,2020-03-19T00:00:00.000Z
261,3,2020-05-19T00:00:00.000Z
262,0,2020-05-14T00:00:00.000Z
262,1,2020-05-21T00:00:00.000Z
263,0,2020-07-10T00:00:00.000Z
263,2,2020-07-17T00:00:00.000Z
263,4,2020-07-20T00:00:00.000Z
264,0,2020-09-12T00:00:00.000Z
264,2,2020-09-19T00:00:00.000Z
264,4,2020-12-07T00:00:00.000Z
265,0,2020-06-13T00:00:00.000Z
265,1,2020-06-20T00:00:00.000Z
265,4,2020-07-14T00:00:00.000Z
266,0,2020-07-20T00:00:00.000Z
266,1,2020-07-27T00:00:00.000Z
266,3,2020-12-04T00:00:00.000Z
267,0,2020-09-19T00:00:00.000Z
267,1,2020-09-26T00:00:00.000Z
267,3,2020-10-10T00:00:00.000Z
268,0,2020-10-07T00:00:00.000Z
268,1,2020-10-14T00:00:00.000Z
268,4,2020-11-07T00:00:00.000Z
269,0,2020-07-29T00:00:00.000Z
269,1,2020-08-05T00:00:00.000Z
269,2,2020-12-06T00:00:00.000Z
270,0,2020-07-05T00:00:00.000Z
270,2,2020-07-12T00:00:00.000Z
270,3,2021-01-12T00:00:00.000Z
271,0,2020-08-29T00:00:00.000Z
271,2,2020-09-05T00:00:00.000Z
272,0,2020-12-19T00:00:00.000Z
272,1,2020-12-26T00:00:00.000Z
272,3,2021-01-17T00:00:00.000Z
273,0,2020-02-14T00:00:00.000Z
273,1,2020-02-21T00:00:00.000Z
274,0,2020-03-01T00:00:00.000Z
274,1,2020-03-08T00:00:00.000Z
275,0,2020-04-27T00:00:00.000Z
275,1,2020-05-04T00:00:00.000Z
275,4,2020-09-09T00:00:00.000Z
276,0,2020-12-25T00:00:00.000Z
276,2,2021-01-01T00:00:00.000Z
276,3,2021-03-01T00:00:00.000Z
277,0,2020-08-06T00:00:00.000Z
277,1,2020-08-13T00:00:00.000Z
278,0,2020-08-01T00:00:00.000Z
278,2,2020-08-08T00:00:00.000Z
278,3,2020-11-08T00:00:00.000Z
279,0,2020-03-31T00:00:00.000Z
279,3,2020-04-07T00:00:00.000Z
280,0,2020-06-17T00:00:00.000Z
280,1,2020-06-24T00:00:00.000Z
280,2,2020-10-28T00:00:00.000Z
280,4,2021-02-23T00:00:00.000Z
281,0,2020-01-01T00:00:00.000Z
281,1,2020-01-08T00:00:00.000Z
282,0,2020-06-21T00:00:00.000Z
282,2,2020-06-28T00:00:00.000Z
283,0,2020-06-11T00:00:00.000Z
283,1,2020-06-18T00:00:00.000Z
283,2,2020-09-11T00:00:00.000Z
283,3,2020-12-11T00:00:00.000Z
284,0,2020-07-27T00:00:00.000Z
284,2,2020-08-03T00:00:00.000Z
284,4,2020-11-18T00:00:00.000Z
285,0,2020-07-06T00:00:00.000Z
285,4,2020-07-13T00:00:00.000Z
286,0,2020-03-23T00:00:00.000Z
286,2,2020-03-30T00:00:00.000Z
287,0,2020-08-23T00:00:00.000Z
287,1,2020-08-30T00:00:00.000Z
287,3,2020-12-09T00:00:00.000Z
288,0,2020-11-28T00:00:00.000Z
288,1,2020-12-05T00:00:00.000Z
288,4,2020-12-06T00:00:00.000Z
289,0,2020-01-08T00:00:00.000Z
289,2,2020-01-15T00:00:00.000Z
290,0,2020-01-10T00:00:00.000Z
290,1,2020-01-17T00:00:00.000Z
291,0,2020-03-03T00:00:00.000Z
291,1,2020-03-10T00:00:00.000Z
291,3,2020-08-16T00:00:00.000Z
292,0,2020-08-14T00:00:00.000Z
292,1,2020-08-21T00:00:00.000Z
292,3,2020-10-18T00:00:00.000Z
293,0,2020-10-30T00:00:00.000Z
293,1,2020-11-06T00:00:00.000Z
293,2,2021-03-15T00:00:00.000Z
293,4,2021-03-18T00:00:00.000Z
294,0,2020-01-19T00:00:00.000Z
294,4,2020-01-26T00:00:00.000Z
295,0,2020-06-01T00:00:00.000Z
295,1,2020-06-08T00:00:00.000Z
295,2,2020-08-17T00:00:00.000Z
296,0,2020-10-17T00:00:00.000Z
296,4,2020-10-24T00:00:00.000Z
297,0,2020-08-13T00:00:00.000Z
297,2,2020-08-20T00:00:00.000Z
297,3,2020-12-20T00:00:00.000Z
298,0,2020-10-26T00:00:00.000Z
298,1,2020-11-02T00:00:00.000Z
298,2,2020-12-13T00:00:00.000Z
299,0,2020-09-13T00:00:00.000Z
299,1,2020-09-20T00:00:00.000Z
299,2,2020-10-28T00:00:00.000Z
299,3,2021-01-28T00:00:00.000Z
300,0,2020-04-06T00:00:00.000Z
300,1,2020-04-13T00:00:00.000Z
300,3,2020-10-04T00:00:00.000Z
301,0,2020-05-07T00:00:00.000Z
301,1,2020-05-14T00:00:00.000Z
301,2,2020-10-30T00:00:00.000Z
301,3,2021-01-30T00:00:00.000Z
302,0,2020-01-09T00:00:00.000Z
302,2,2020-01-16T00:00:00.000Z
302,4,2020-01-22T00:00:00.000Z
303,0,2020-02-13T00:00:00.000Z
303,1,2020-02-20T00:00:00.000Z
303,4,2020-06-15T00:00:00.000Z
304,0,2020-12-28T00:00:00.000Z
304,1,2021-01-04T00:00:00.000Z
304,4,2021-01-27T00:00:00.000Z
305,0,2020-11-16T00:00:00.000Z
305,1,2020-11-23T00:00:00.000Z
306,0,2020-09-09T00:00:00.000Z
306,2,2020-09-16T00:00:00.000Z
307,0,2020-04-01T00:00:00.000Z
307,1,2020-04-08T00:00:00.000Z
307,2,2020-09-27T00:00:00.000Z
307,3,2020-10-27T00:00:00.000Z
308,0,2020-04-12T00:00:00.000Z
308,1,2020-04-19T00:00:00.000Z
308,4,2020-07-22T00:00:00.000Z
309,0,2020-12-08T00:00:00.000Z
309,2,2020-12-15T00:00:00.000Z
310,0,2020-08-01T00:00:00.000Z
310,1,2020-08-08T00:00:00.000Z
310,3,2021-01-05T00:00:00.000Z
311,0,2020-12-03T00:00:00.000Z
311,1,2020-12-10T00:00:00.000Z
311,4,2021-03-01T00:00:00.000Z
312,0,2020-01-09T00:00:00.000Z
312,1,2020-01-16T00:00:00.000Z
312,2,2020-04-19T00:00:00.000Z
313,0,2020-01-15T00:00:00.000Z
313,1,2020-01-22T00:00:00.000Z
313,3,2020-06-29T00:00:00.000Z
314,0,2020-11-11T00:00:00.000Z
314,4,2020-11-18T00:00:00.000Z
315,0,2020-12-13T00:00:00.000Z
315,1,2020-12-20T00:00:00.000Z
315,2,2020-12-21T00:00:00.000Z
316,0,2020-03-31T00:00:00.000Z
316,2,2020-04-07T00:00:00.000Z
317,0,2020-10-11T00:00:00.000Z
317,4,2020-10-18T00:00:00.000Z
318,0,2020-06-20T00:00:00.000Z
318,1,2020-06-27T00:00:00.000Z
318,2,2020-09-30T00:00:00.000Z
318,3,2020-11-30T00:00:00.000Z
319,0,2020-10-25T00:00:00.000Z
319,2,2020-11-01T00:00:00.000Z
320,0,2020-09-27T00:00:00.000Z
320,2,2020-10-04T00:00:00.000Z
320,3,2021-04-04T00:00:00.000Z
321,0,2020-03-06T00:00:00.000Z
321,2,2020-03-13T00:00:00.000Z
322,0,2020-12-19T00:00:00.000Z
322,3,2020-12-26T00:00:00.000Z
323,0,2020-10-20T00:00:00.000Z
323,1,2020-10-27T00:00:00.000Z
323,2,2021-04-14T00:00:00.000Z
324,0,2020-05-07T00:00:00.000Z
324,1,2020-05-14T00:00:00.000Z
324,4,2020-07-26T00:00:00.000Z
325,0,2020-05-18T00:00:00.000Z
325,4,2020-05-25T00:00:00.000Z
326,0,2020-11-20T00:00:00.000Z
326,3,2020-11-27T00:00:00.000Z
327,0,2020-04-14T00:00:00.000Z
327,1,2020-04-21T00:00:00.000Z
327,2,2020-08-17T00:00:00.000Z
328,0,2020-10-06T00:00:00.000Z
328,1,2020-10-13T00:00:00.000Z
328,2,2021-02-02T00:00:00.000Z
329,0,2020-04-26T00:00:00.000Z
329,4,2020-05-03T00:00:00.000Z
330,0,2020-01-20T00:00:00.000Z
330,4,2020-01-27T00:00:00.000Z
331,0,2020-04-12T00:00:00.000Z
331,1,2020-04-19T00:00:00.000Z
331,4,2020-09-14T00:00:00.000Z
332,0,2020-10-11T00:00:00.000Z
332,1,2020-10-18T00:00:00.000Z
332,2,2020-11-17T00:00:00.000Z
333,0,2020-01-19T00:00:00.000Z
333,2,2020-01-26T00:00:00.000Z
333,4,2020-06-15T00:00:00.000Z
334,0,2020-08-07T00:00:00.000Z
334,1,2020-08-14T00:00:00.000Z
334,2,2021-02-09T00:00:00.000Z
335,0,2020-09-25T00:00:00.000Z
335,1,2020-10-02T00:00:00.000Z
336,0,2020-06-23T00:00:00.000Z
336,1,2020-06-30T00:00:00.000Z
336,2,2020-07-22T00:00:00.000Z
337,0,2020-11-16T00:00:00.000Z
337,1,2020-11-23T00:00:00.000Z
338,0,2020-12-12T00:00:00.000Z
338,1,2020-12-19T00:00:00.000Z
339,0,2020-05-06T00:00:00.000Z
339,1,2020-05-13T00:00:00.000Z
340,0,2020-06-27T00:00:00.000Z
340,1,2020-07-04T00:00:00.000Z
340,2,2020-07-19T00:00:00.000Z
341,0,2020-10-17T00:00:00.000Z
341,1,2020-10-24T00:00:00.000Z
341,2,2021-01-30T00:00:00.000Z
342,0,2020-06-21T00:00:00.000Z
342,1,2020-06-28T00:00:00.000Z
342,4,2020-08-19T00:00:00.000Z
343,0,2020-02-02T00:00:00.000Z
343,1,2020-02-09T00:00:00.000Z
344,0,2020-09-22T00:00:00.000Z
344,2,2020-09-29T00:00:00.000Z
344,4,2021-02-15T00:00:00.000Z
345,0,2020-04-17T00:00:00.000Z
345,1,2020-04-24T00:00:00.000Z
345,2,2020-06-07T00:00:00.000Z
345,3,2020-08-07T00:00:00.000Z
346,0,2020-11-13T00:00:00.000Z
346,2,2020-11-20T00:00:00.000Z
346,3,2021-04-20T00:00:00.000Z
347,0,2020-05-30T00:00:00.000Z
347,1,2020-06-06T00:00:00.000Z
347,3,2020-07-14T00:00:00.000Z
348,0,2020-09-14T00:00:00.000Z
348,1,2020-09-21T00:00:00.000Z
348,4,2020-09-28T00:00:00.000Z
349,0,2020-06-16T00:00:00.000Z
349,1,2020-06-23T00:00:00.000Z
349,3,2020-08-22T00:00:00.000Z
350,0,2020-04-25T00:00:00.000Z
350,1,2020-05-02T00:00:00.000Z
351,0,2020-05-24T00:00:00.000Z
351,1,2020-05-31T00:00:00.000Z
351,2,2020-07-06T00:00:00.000Z
352,0,2020-09-21T00:00:00.000Z
352,1,2020-09-28T00:00:00.000Z
352,2,2021-03-06T00:00:00.000Z
353,0,2020-11-29T00:00:00.000Z
353,3,2020-12-06T00:00:00.000Z
354,0,2020-03-19T00:00:00.000Z
354,4,2020-03-26T00:00:00.000Z
355,0,2020-10-27T00:00:00.000Z
355,2,2020-11-03T00:00:00.000Z
356,0,2020-04-09T00:00:00.000Z
356,1,2020-04-16T00:00:00.000Z
356,3,2020-07-02T00:00:00.000Z
357,0,2020-10-07T00:00:00.000Z
357,2,2020-10-14T00:00:00.000Z
357,3,2021-01-14T00:00:00.000Z
358,0,2020-02-25T00:00:00.000Z
358,2,2020-03-03T00:00:00.000Z
358,4,2020-04-02T00:00:00.000Z
359,0,2020-08-14T00:00:00.000Z
359,1,2020-08-21T00:00:00.000Z
359,2,2020-12-11T00:00:00.000Z
360,0,2020-08-27T00:00:00.000Z
360,2,2020-09-03T00:00:00.000Z
360,3,2021-02-03T00:00:00.000Z
361,0,2020-10-10T00:00:00.000Z
361,4,2020-10-17T00:00:00.000Z
362,0,2020-06-05T00:00:00.000Z
362,1,2020-06-12T00:00:00.000Z
362,3,2020-08-21T00:00:00.000Z
363,0,2020-05-06T00:00:00.000Z
363,1,2020-05-13T00:00:00.000Z
363,3,2020-07-10T00:00:00.000Z
364,0,2020-05-02T00:00:00.000Z
364,2,2020-05-09T00:00:00.000Z
364,4,2020-09-15T00:00:00.000Z
365,0,2020-06-09T00:00:00.000Z
365,2,2020-06-16T00:00:00.000Z
365,3,2020-12-16T00:00:00.000Z
366,0,2020-07-18T00:00:00.000Z
366,1,2020-07-25T00:00:00.000Z
367,0,2020-02-25T00:00:00.000Z
367,1,2020-03-03T00:00:00.000Z
367,2,2020-08-01T00:00:00.000Z
368,0,2020-10-23T00:00:00.000Z
368,1,2020-10-30T00:00:00.000Z
368,2,2021-04-02T00:00:00.000Z
369,0,2020-09-11T00:00:00.000Z
369,1,2020-09-18T00:00:00.000Z
369,4,2020-11-09T00:00:00.000Z
370,0,2020-03-08T00:00:00.000Z
370,1,2020-03-15T00:00:00.000Z
370,2,2020-08-27T00:00:00.000Z
370,3,2020-10-27T00:00:00.000Z
371,0,2020-05-06T00:00:00.000Z
371,2,2020-05-13T00:00:00.000Z
372,0,2020-05-04T00:00:00.000Z
372,1,2020-05-11T00:00:00.000Z
372,3,2020-08-08T00:00:00.000Z
373,0,2020-10-20T00:00:00.000Z
373,1,2020-10-27T00:00:00.000Z
373,2,2020-11-03T00:00:00.000Z
374,0,2020-05-18T00:00:00.000Z
374,1,2020-05-25T00:00:00.000Z
374,2,2020-06-15T00:00:00.000Z
374,4,2020-09-21T00:00:00.000Z
375,0,2020-01-01T00:00:00.000Z
375,2,2020-01-08T00:00:00.000Z
375,3,2020-07-08T00:00:00.000Z
376,0,2020-10-19T00:00:00.000Z
376,2,2020-10-26T00:00:00.000Z
376,4,2021-03-17T00:00:00.000Z
377,0,2020-02-11T00:00:00.000Z
377,1,2020-02-18T00:00:00.000Z
377,2,2020-03-17T00:00:00.000Z
378,0,2020-04-28T00:00:00.000Z
378,2,2020-05-05T00:00:00.000Z
379,0,2020-02-05T00:00:00.000Z
379,2,2020-02-12T00:00:00.000Z
379,4,2020-05-05T00:00:00.000Z
380,0,2020-08-01T00:00:00.000Z
380,1,2020-08-08T00:00:00.000Z
380,2,2020-11-29T00:00:00.000Z
380,3,2021-02-28T00:00:00.000Z
381,0,2020-07-21T00:00:00.000Z
381,1,2020-07-28T00:00:00.000Z
381,2,2020-08-22T00:00:00.000Z
382,0,2020-02-20T00:00:00.000Z
382,1,2020-02-27T00:00:00.000Z
383,0,2020-01-30T00:00:00.000Z
383,2,2020-02-06T00:00:00.000Z
383,3,2020-08-06T00:00:00.000Z
384,0,2020-07-26T00:00:00.000Z
384,2,2020-08-02T00:00:00.000Z
384,4,2020-08-23T00:00:00.000Z
385,0,2020-07-25T00:00:00.000Z
385,2,2020-08-01T00:00:00.000Z
386,0,2020-09-15T00:00:00.000Z
386,1,2020-09-22T00:00:00.000Z
387,0,2020-02-17T00:00:00.000Z
387,1,2020-02-24T00:00:00.000Z
388,0,2020-11-09T00:00:00.000Z
388,4,2020-11-16T00:00:00.000Z
389,0,2020-01-04T00:00:00.000Z
389,1,2020-01-11T00:00:00.000Z
389,2,2020-06-15T00:00:00.000Z
389,4,2020-10-27T00:00:00.000Z
390,0,2020-12-11T00:00:00.000Z
390,2,2020-12-18T00:00:00.000Z
391,0,2020-06-29T00:00:00.000Z
391,2,2020-07-06T00:00:00.000Z
391,3,2020-09-06T00:00:00.000Z
392,0,2020-05-31T00:00:00.000Z
392,2,2020-06-07T00:00:00.000Z
393,0,2020-04-11T00:00:00.000Z
393,1,2020-04-18T00:00:00.000Z
393,2,2020-05-05T00:00:00.000Z
394,0,2020-08-17T00:00:00.000Z
394,1,2020-08-24T00:00:00.000Z
394,4,2021-01-24T00:00:00.000Z
395,0,2020-03-31T00:00:00.000Z
395,3,2020-04-07T00:00:00.000Z
395,4,2021-04-07T00:00:00.000Z
396,0,2020-09-25T00:00:00.000Z
396,1,2020-10-02T00:00:00.000Z
397,0,2020-01-13T00:00:00.000Z
397,2,2020-01-20T00:00:00.000Z
398,0,2020-07-17T00:00:00.000Z
398,1,2020-07-24T00:00:00.000Z
398,2,2020-10-02T00:00:00.000Z
398,4,2021-02-27T00:00:00.000Z
399,0,2020-03-03T00:00:00.000Z
399,1,2020-03-10T00:00:00.000Z
399,2,2020-05-24T00:00:00.000Z
400,0,2020-04-27T00:00:00.000Z
400,1,2020-05-04T00:00:00.000Z
401,0,2020-04-14T00:00:00.000Z
401,2,2020-04-21T00:00:00.000Z
401,4,2020-05-22T00:00:00.000Z
402,0,2020-06-17T00:00:00.000Z
402,2,2020-06-24T00:00:00.000Z
402,3,2020-10-24T00:00:00.000Z
403,0,2020-05-15T00:00:00.000Z
403,2,2020-05-22T00:00:00.000Z
404,0,2020-03-29T00:00:00.000Z
404,2,2020-04-05T00:00:00.000Z
405,0,2020-03-02T00:00:00.000Z
405,4,2020-03-09T00:00:00.000Z
406,0,2020-10-17T00:00:00.000Z
406,2,2020-10-24T00:00:00.000Z
407,0,2020-11-03T00:00:00.000Z
407,1,2020-11-10T00:00:00.000Z
407,2,2021-04-12T00:00:00.000Z
408,0,2020-01-30T00:00:00.000Z
408,2,2020-02-06T00:00:00.000Z
409,0,2020-09-02T00:00:00.000Z
409,1,2020-09-09T00:00:00.000Z
409,2,2021-01-29T00:00:00.000Z
410,0,2020-01-27T00:00:00.000Z
410,1,2020-02-03T00:00:00.000Z
411,0,2020-03-16T00:00:00.000Z
411,1,2020-03-23T00:00:00.000Z
411,2,2020-08-15T00:00:00.000Z
412,0,2020-06-09T00:00:00.000Z
412,1,2020-06-16T00:00:00.000Z
412,3,2020-10-23T00:00:00.000Z
413,0,2020-08-27T00:00:00.000Z
413,1,2020-09-03T00:00:00.000Z
413,2,2020-12-21T00:00:00.000Z
414,0,2020-10-09T00:00:00.000Z
414,2,2020-10-16T00:00:00.000Z
415,0,2020-10-30T00:00:00.000Z
415,2,2020-11-06T00:00:00.000Z
415,3,2021-02-06T00:00:00.000Z
416,0,2020-08-07T00:00:00.000Z
416,2,2020-08-14T00:00:00.000Z
416,3,2021-02-14T00:00:00.000Z
417,0,2020-01-28T00:00:00.000Z
417,2,2020-02-04T00:00:00.000Z
417,4,2020-03-02T00:00:00.000Z
418,0,2020-10-07T00:00:00.000Z
418,1,2020-10-14T00:00:00.000Z
418,4,2020-11-22T00:00:00.000Z
419,0,2020-03-17T00:00:00.000Z
419,2,2020-03-24T00:00:00.000Z
420,0,2020-05-27T00:00:00.000Z
420,1,2020-06-03T00:00:00.000Z
421,0,2020-03-23T00:00:00.000Z
421,2,2020-03-30T00:00:00.000Z
422,0,2020-12-26T00:00:00.000Z
422,2,2021-01-02T00:00:00.000Z
423,0,2020-10-06T00:00:00.000Z
423,2,2020-10-13T00:00:00.000Z
424,0,2020-12-15T00:00:00.000Z
424,1,2020-12-22T00:00:00.000Z
424,4,2021-04-28T00:00:00.000Z
425,0,2020-04-04T00:00:00.000Z
425,2,2020-04-11T00:00:00.000Z
425,4,2020-05-25T00:00:00.000Z
426,0,2020-10-10T00:00:00.000Z
426,1,2020-10-17T00:00:00.000Z
426,2,2021-02-23T00:00:00.000Z
427,0,2020-05-31T00:00:00.000Z
427,2,2020-06-07T00:00:00.000Z
427,4,2020-06-23T00:00:00.000Z
428,0,2020-10-25T00:00:00.000Z
428,4,2020-11-01T00:00:00.000Z
429,0,2020-02-05T00:00:00.000Z
429,2,2020-02-12T00:00:00.000Z
429,4,2020-07-30T00:00:00.000Z
430,0,2020-03-13T00:00:00.000Z
430,1,2020-03-20T00:00:00.000Z
430,2,2020-08-05T00:00:00.000Z
431,0,2020-12-27T00:00:00.000Z
431,1,2021-01-03T00:00:00.000Z
431,4,2021-03-14T00:00:00.000Z
432,0,2020-03-19T00:00:00.000Z
432,1,2020-03-26T00:00:00.000Z
432,3,2020-05-22T00:00:00.000Z
433,0,2020-10-04T00:00:00.000Z
433,1,2020-10-11T00:00:00.000Z
434,0,2020-11-08T00:00:00.000Z
434,1,2020-11-15T00:00:00.000Z
434,2,2021-02-02T00:00:00.000Z
435,0,2020-01-09T00:00:00.000Z
435,2,2020-01-16T00:00:00.000Z
435,4,2020-03-08T00:00:00.000Z
436,0,2020-12-27T00:00:00.000Z
436,1,2021-01-03T00:00:00.000Z
437,0,2020-05-09T00:00:00.000Z
437,4,2020-05-16T00:00:00.000Z
438,0,2020-01-31T00:00:00.000Z
438,1,2020-02-07T00:00:00.000Z
438,2,2020-04-16T00:00:00.000Z
439,0,2020-01-09T00:00:00.000Z
439,1,2020-01-16T00:00:00.000Z
439,4,2020-05-04T00:00:00.000Z
440,0,2020-03-14T00:00:00.000Z
440,2,2020-03-21T00:00:00.000Z
440,4,2020-04-28T00:00:00.000Z
441,0,2020-09-27T00:00:00.000Z
441,4,2020-10-04T00:00:00.000Z
442,0,2020-01-28T00:00:00.000Z
442,1,2020-02-04T00:00:00.000Z
442,3,2020-03-11T00:00:00.000Z
443,0,2020-11-28T00:00:00.000Z
443,2,2020-12-05T00:00:00.000Z
443,4,2021-03-16T00:00:00.000Z
444,0,2020-10-14T00:00:00.000Z
444,4,2020-10-21T00:00:00.000Z
445,0,2020-02-13T00:00:00.000Z
445,4,2020-02-20T00:00:00.000Z
446,0,2020-02-20T00:00:00.000Z
446,2,2020-02-27T00:00:00.000Z
446,3,2020-08-27T00:00:00.000Z
447,0,2020-04-02T00:00:00.000Z
447,4,2020-04-09T00:00:00.000Z
448,0,2020-08-30T00:00:00.000Z
448,1,2020-09-06T00:00:00.000Z
448,3,2020-10-30T00:00:00.000Z
449,0,2020-01-06T00:00:00.000Z
449,1,2020-01-13T00:00:00.000Z
449,2,2020-05-07T00:00:00.000Z
450,0,2020-09-29T00:00:00.000Z
450,1,2020-10-06T00:00:00.000Z
450,3,2021-01-08T00:00:00.000Z
451,0,2020-08-31T00:00:00.000Z
451,2,2020-09-07T00:00:00.000Z
452,0,2020-05-11T00:00:00.000Z
452,1,2020-05-18T00:00:00.000Z
452,4,2020-06-22T00:00:00.000Z
453,0,2020-02-15T00:00:00.000Z
453,2,2020-02-22T00:00:00.000Z
454,0,2020-06-15T00:00:00.000Z
454,2,2020-06-22T00:00:00.000Z
455,0,2020-08-13T00:00:00.000Z
455,1,2020-08-20T00:00:00.000Z
456,0,2020-02-21T00:00:00.000Z
456,4,2020-02-28T00:00:00.000Z
457,0,2020-11-19T00:00:00.000Z
457,1,2020-11-26T00:00:00.000Z
457,2,2021-03-12T00:00:00.000Z
458,0,2020-04-25T00:00:00.000Z
458,4,2020-05-02T00:00:00.000Z
459,0,2020-12-07T00:00:00.000Z
459,2,2020-12-14T00:00:00.000Z
459,3,2021-03-14T00:00:00.000Z
460,0,2020-12-09T00:00:00.000Z
460,1,2020-12-16T00:00:00.000Z
460,2,2021-04-16T00:00:00.000Z
461,0,2020-02-21T00:00:00.000Z
461,1,2020-02-28T00:00:00.000Z
461,4,2020-07-30T00:00:00.000Z
462,0,2020-05-05T00:00:00.000Z
462,1,2020-05-12T00:00:00.000Z
462,2,2020-09-15T00:00:00.000Z
463,0,2020-11-27T00:00:00.000Z
463,1,2020-12-04T00:00:00.000Z
463,2,2021-01-23T00:00:00.000Z
463,4,2021-04-24T00:00:00.000Z
464,0,2020-01-11T00:00:00.000Z
464,1,2020-01-18T00:00:00.000Z
465,0,2020-10-24T00:00:00.000Z
465,1,2020-10-31T00:00:00.000Z
465,4,2021-01-03T00:00:00.000Z
466,0,2020-03-13T00:00:00.000Z
466,4,2020-03-20T00:00:00.000Z
467,0,2020-06-21T00:00:00.000Z
467,4,2020-06-28T00:00:00.000Z
468,0,2020-04-21T00:00:00.000Z
468,1,2020-04-28T00:00:00.000Z
468,3,2020-05-01T00:00:00.000Z
469,0,2020-06-17T00:00:00.000Z
469,2,2020-06-24T00:00:00.000Z
469,3,2020-11-24T00:00:00.000Z
470,0,2020-04-28T00:00:00.000Z
470,2,2020-05-05T00:00:00.000Z
470,3,2020-08-05T00:00:00.000Z
471,0,2020-01-31T00:00:00.000Z
471,2,2020-02-07T00:00:00.000Z
472,0,2020-12-23T00:00:00.000Z
472,2,2020-12-30T00:00:00.000Z
472,3,2021-04-30T00:00:00.000Z
473,0,2020-03-18T00:00:00.000Z
473,1,2020-03-25T00:00:00.000Z
473,3,2020-04-17T00:00:00.000Z
474,0,2020-09-01T00:00:00.000Z
474,2,2020-09-08T00:00:00.000Z
474,3,2021-02-08T00:00:00.000Z
475,0,2020-07-24T00:00:00.000Z
475,1,2020-07-31T00:00:00.000Z
475,3,2020-12-17T00:00:00.000Z
476,0,2020-08-22T00:00:00.000Z
476,2,2020-08-29T00:00:00.000Z
477,0,2020-01-28T00:00:00.000Z
477,4,2020-02-04T00:00:00.000Z
478,0,2020-10-23T00:00:00.000Z
478,1,2020-10-30T00:00:00.000Z
478,2,2021-01-19T00:00:00.000Z
479,0,2020-10-01T00:00:00.000Z
479,1,2020-10-08T00:00:00.000Z
479,2,2021-01-24T00:00:00.000Z
480,0,2020-10-05T00:00:00.000Z
480,1,2020-10-12T00:00:00.000Z
480,3,2021-02-10T00:00:00.000Z
481,0,2020-07-08T00:00:00.000Z
481,4,2020-07-15T00:00:00.000Z
482,0,2020-06-25T00:00:00.000Z
482,2,2020-07-02T00:00:00.000Z
483,0,2020-01-12T00:00:00.000Z
483,1,2020-01-19T00:00:00.000Z
483,2,2020-07-10T00:00:00.000Z
484,0,2020-09-17T00:00:00.000Z
484,1,2020-09-24T00:00:00.000Z
484,3,2021-01-15T00:00:00.000Z
485,0,2020-05-24T00:00:00.000Z
485,2,2020-05-31T00:00:00.000Z
485,3,2020-07-31T00:00:00.000Z
486,0,2020-06-27T00:00:00.000Z
486,1,2020-07-04T00:00:00.000Z
486,4,2020-10-10T00:00:00.000Z
487,0,2020-12-07T00:00:00.000Z
487,1,2020-12-14T00:00:00.000Z
487,3,2021-01-14T00:00:00.000Z
488,0,2020-02-15T00:00:00.000Z
488,2,2020-02-22T00:00:00.000Z
488,3,2020-06-22T00:00:00.000Z
489,0,2020-08-25T00:00:00.000Z
489,4,2020-09-01T00:00:00.000Z
490,0,2020-04-22T00:00:00.000Z
490,1,2020-04-29T00:00:00.000Z
490,2,2020-06-26T00:00:00.000Z
490,4,2020-07-01T00:00:00.000Z
491,0,2020-07-02T00:00:00.000Z
491,2,2020-07-09T00:00:00.000Z
492,0,2020-02-27T00:00:00.000Z
492,1,2020-03-05T00:00:00.000Z
493,0,2020-07-14T00:00:00.000Z
493,1,2020-07-21T00:00:00.000Z
493,2,2020-08-19T00:00:00.000Z
494,0,2020-07-18T00:00:00.000Z
494,2,2020-07-25T00:00:00.000Z
494,4,2021-01-06T00:00:00.000Z
495,0,2020-01-04T00:00:00.000Z
495,2,2020-01-11T00:00:00.000Z
496,0,2020-02-08T00:00:00.000Z
496,1,2020-02-15T00:00:00.000Z
496,3,2020-07-05T00:00:00.000Z
497,0,2020-04-08T00:00:00.000Z
497,1,2020-04-15T00:00:00.000Z
497,2,2020-07-18T00:00:00.000Z
497,3,2021-01-18T00:00:00.000Z
498,0,2020-11-13T00:00:00.000Z
498,1,2020-11-20T00:00:00.000Z
498,4,2021-03-08T00:00:00.000Z
499,0,2020-02-17T00:00:00.000Z
499,2,2020-02-24T00:00:00.000Z
500,0,2020-09-16T00:00:00.000Z
500,1,2020-09-23T00:00:00.000Z
500,3,2020-12-21T00:00:00.000Z
501,0,2020-10-15T00:00:00.000Z
501,4,2020-10-22T00:00:00.000Z
502,0,2020-01-25T00:00:00.000Z
502,1,2020-02-01T00:00:00.000Z
502,3,2020-06-25T00:00:00.000Z
503,0,2020-09-08T00:00:00.000Z
503,2,2020-09-15T00:00:00.000Z
504,0,2020-05-19T00:00:00.000Z
504,2,2020-05-26T00:00:00.000Z
505,0,2020-11-17T00:00:00.000Z
505,1,2020-11-24T00:00:00.000Z
505,3,2021-01-25T00:00:00.000Z
506,0,2020-07-11T00:00:00.000Z
506,1,2020-07-18T00:00:00.000Z
506,2,2020-07-26T00:00:00.000Z
507,0,2020-07-16T00:00:00.000Z
507,1,2020-07-23T00:00:00.000Z
507,4,2020-11-22T00:00:00.000Z
508,0,2020-12-20T00:00:00.000Z
508,4,2020-12-27T00:00:00.000Z
509,0,2020-09-23T00:00:00.000Z
509,1,2020-09-30T00:00:00.000Z
509,4,2020-10-14T00:00:00.000Z
510,0,2020-02-19T00:00:00.000Z
510,1,2020-02-26T00:00:00.000Z
510,2,2020-04-19T00:00:00.000Z
510,3,2020-06-19T00:00:00.000Z
511,0,2020-11-11T00:00:00.000Z
511,3,2020-11-18T00:00:00.000Z
512,0,2020-12-23T00:00:00.000Z
512,1,2020-12-30T00:00:00.000Z
512,2,2021-04-12T00:00:00.000Z
513,0,2020-07-27T00:00:00.000Z
513,2,2020-08-03T00:00:00.000Z
514,0,2020-01-29T00:00:00.000Z
514,1,2020-02-05T00:00:00.000Z
514,2,2020-03-11T00:00:00.000Z
515,0,2020-05-15T00:00:00.000Z
515,1,2020-05-22T00:00:00.000Z
515,2,2020-07-06T00:00:00.000Z
516,0,2020-12-21T00:00:00.000Z
516,1,2020-12-28T00:00:00.000Z
516,2,2021-03-20T00:00:00.000Z
517,0,2020-07-24T00:00:00.000Z
517,1,2020-07-31T00:00:00.000Z
517,2,2020-11-21T00:00:00.000Z
518,0,2020-10-06T00:00:00.000Z
518,4,2020-10-13T00:00:00.000Z
519,0,2020-01-22T00:00:00.000Z
519,1,2020-01-29T00:00:00.000Z
520,0,2020-08-16T00:00:00.000Z
520,1,2020-08-23T00:00:00.000Z
520,2,2021-02-16T00:00:00.000Z
521,0,2020-06-17T00:00:00.000Z
521,2,2020-06-24T00:00:00.000Z
521,4,2020-11-07T00:00:00.000Z
522,0,2020-08-26T00:00:00.000Z
522,1,2020-09-02T00:00:00.000Z
522,2,2020-09-26T00:00:00.000Z
523,0,2020-04-21T00:00:00.000Z
523,4,2020-04-28T00:00:00.000Z
524,0,2020-08-09T00:00:00.000Z
524,1,2020-08-16T00:00:00.000Z
524,3,2020-08-31T00:00:00.000Z
525,0,2020-08-31T00:00:00.000Z
525,1,2020-09-07T00:00:00.000Z
526,0,2020-05-20T00:00:00.000Z
526,1,2020-05-27T00:00:00.000Z
526,3,2020-09-23T00:00:00.000Z
527,0,2020-04-20T00:00:00.000Z
527,2,2020-04-27T00:00:00.000Z
527,3,2020-08-27T00:00:00.000Z
528,0,2020-08-06T00:00:00.000Z
528,2,2020-08-13T00:00:00.000Z
529,0,2020-03-30T00:00:00.000Z
529,1,2020-04-06T00:00:00.000Z
529,2,2020-09-13T00:00:00.000Z
530,0,2020-02-23T00:00:00.000Z
530,1,2020-03-01T00:00:00.000Z
530,2,2020-08-21T00:00:00.000Z
530,3,2020-10-21T00:00:00.000Z
531,0,2020-04-24T00:00:00.000Z
531,1,2020-05-01T00:00:00.000Z
531,2,2020-08-25T00:00:00.000Z
532,0,2020-03-28T00:00:00.000Z
532,1,2020-04-04T00:00:00.000Z
532,2,2020-05-24T00:00:00.000Z
532,3,2020-09-24T00:00:00.000Z
533,0,2020-02-01T00:00:00.000Z
533,1,2020-02-08T00:00:00.000Z
533,4,2020-03-05T00:00:00.000Z
534,0,2020-05-25T00:00:00.000Z
534,1,2020-06-01T00:00:00.000Z
534,3,2020-08-15T00:00:00.000Z
535,0,2020-03-26T00:00:00.000Z
535,2,2020-04-02T00:00:00.000Z
536,0,2020-09-07T00:00:00.000Z
536,2,2020-09-14T00:00:00.000Z
537,0,2020-12-21T00:00:00.000Z
537,1,2020-12-28T00:00:00.000Z
538,0,2020-10-12T00:00:00.000Z
538,1,2020-10-19T00:00:00.000Z
538,4,2021-01-22T00:00:00.000Z
539,0,2020-04-13T00:00:00.000Z
539,2,2020-04-20T00:00:00.000Z
540,0,2020-08-16T00:00:00.000Z
540,1,2020-08-23T00:00:00.000Z
540,2,2021-01-28T00:00:00.000Z
540,4,2021-03-09T00:00:00.000Z
541,0,2020-07-04T00:00:00.000Z
541,3,2020-07-11T00:00:00.000Z
542,0,2020-04-07T00:00:00.000Z
542,3,2020-04-14T00:00:00.000Z
542,4,2021-04-14T00:00:00.000Z
543,0,2020-05-05T00:00:00.000Z
543,1,2020-05-12T00:00:00.000Z
543,3,2020-07-03T00:00:00.000Z
544,0,2020-03-08T00:00:00.000Z
544,2,2020-03-15T00:00:00.000Z
545,0,2020-03-05T00:00:00.000Z
545,1,2020-03-12T00:00:00.000Z
545,2,2020-04-21T00:00:00.000Z
546,0,2020-06-02T00:00:00.000Z
546,1,2020-06-09T00:00:00.000Z
547,0,2020-03-05T00:00:00.000Z
547,1,2020-03-12T00:00:00.000Z
547,3,2020-08-24T00:00:00.000Z
548,0,2020-03-24T00:00:00.000Z
548,1,2020-03-31T00:00:00.000Z
549,0,2020-10-07T00:00:00.000Z
549,1,2020-10-14T00:00:00.000Z
549,2,2021-01-12T00:00:00.000Z
550,0,2020-09-24T00:00:00.000Z
550,1,2020-10-01T00:00:00.000Z
550,4,2021-03-22T00:00:00.000Z
551,0,2020-05-07T00:00:00.000Z
551,1,2020-05-14T00:00:00.000Z
552,0,2020-07-27T00:00:00.000Z
552,2,2020-08-03T00:00:00.000Z
552,3,2021-01-03T00:00:00.000Z
553,0,2020-09-30T00:00:00.000Z
553,2,2020-10-07T00:00:00.000Z
554,0,2020-09-27T00:00:00.000Z
554,2,2020-10-04T00:00:00.000Z
555,0,2020-04-24T00:00:00.000Z
555,1,2020-05-01T00:00:00.000Z
555,2,2020-09-24T00:00:00.000Z
556,0,2020-08-08T00:00:00.000Z
556,1,2020-08-15T00:00:00.000Z
556,3,2020-10-10T00:00:00.000Z
557,0,2020-03-02T00:00:00.000Z
557,1,2020-03-09T00:00:00.000Z
557,3,2020-04-24T00:00:00.000Z
558,0,2020-12-15T00:00:00.000Z
558,2,2020-12-22T00:00:00.000Z
559,0,2020-11-06T00:00:00.000Z
559,1,2020-11-13T00:00:00.000Z
560,0,2020-06-25T00:00:00.000Z
560,1,2020-07-02T00:00:00.000Z
560,4,2020-09-07T00:00:00.000Z
561,0,2020-06-18T00:00:00.000Z
561,1,2020-06-25T00:00:00.000Z
562,0,2020-08-06T00:00:00.000Z
562,1,2020-08-13T00:00:00.000Z
562,2,2020-10-23T00:00:00.000Z
563,0,2020-06-19T00:00:00.000Z
563,1,2020-06-26T00:00:00.000Z
563,4,2020-07-19T00:00:00.000Z
564,0,2020-06-19T00:00:00.000Z
564,4,2020-06-26T00:00:00.000Z
565,0,2020-01-02T00:00:00.000Z
565,2,2020-01-09T00:00:00.000Z
566,0,2020-11-26T00:00:00.000Z
566,2,2020-12-03T00:00:00.000Z
567,0,2020-07-12T00:00:00.000Z
567,4,2020-07-19T00:00:00.000Z
568,0,2020-04-02T00:00:00.000Z
568,1,2020-04-09T00:00:00.000Z
569,0,2020-12-12T00:00:00.000Z
569,1,2020-12-19T00:00:00.000Z
569,2,2021-03-31T00:00:00.000Z
570,0,2020-10-22T00:00:00.000Z
570,1,2020-10-29T00:00:00.000Z
570,4,2021-03-16T00:00:00.000Z
571,0,2020-12-15T00:00:00.000Z
571,1,2020-12-22T00:00:00.000Z
572,0,2020-03-28T00:00:00.000Z
572,1,2020-04-04T00:00:00.000Z
572,4,2020-09-08T00:00:00.000Z
573,0,2020-07-02T00:00:00.000Z
573,1,2020-07-09T00:00:00.000Z
573,2,2020-11-23T00:00:00.000Z
573,3,2021-01-23T00:00:00.000Z
574,0,2020-10-02T00:00:00.000Z
574,1,2020-10-09T00:00:00.000Z
574,2,2021-01-30T00:00:00.000Z
575,0,2020-06-16T00:00:00.000Z
575,1,2020-06-23T00:00:00.000Z
575,2,2020-10-31T00:00:00.000Z
576,0,2020-12-27T00:00:00.000Z
576,2,2021-01-03T00:00:00.000Z
577,0,2020-12-07T00:00:00.000Z
577,1,2020-12-14T00:00:00.000Z
578,0,2020-01-30T00:00:00.000Z
578,1,2020-02-06T00:00:00.000Z
579,0,2020-01-13T00:00:00.000Z
579,2,2020-01-20T00:00:00.000Z
580,0,2020-10-11T00:00:00.000Z
580,2,2020-10-18T00:00:00.000Z
580,3,2021-03-18T00:00:00.000Z
581,0,2020-01-05T00:00:00.000Z
581,1,2020-01-12T00:00:00.000Z
581,3,2020-06-01T00:00:00.000Z
582,0,2020-11-29T00:00:00.000Z
582,1,2020-12-06T00:00:00.000Z
583,0,2020-02-20T00:00:00.000Z
583,1,2020-02-27T00:00:00.000Z
583,3,2020-03-04T00:00:00.000Z
584,0,2020-08-22T00:00:00.000Z
584,2,2020-08-29T00:00:00.000Z
585,0,2020-01-22T00:00:00.000Z
585,2,2020-01-29T00:00:00.000Z
586,0,2020-01-12T00:00:00.000Z
586,1,2020-01-19T00:00:00.000Z
587,0,2020-06-21T00:00:00.000Z
587,2,2020-06-28T00:00:00.000Z
587,3,2020-07-28T00:00:00.000Z
588,0,2020-12-12T00:00:00.000Z
588,2,2020-12-19T00:00:00.000Z
588,3,2021-04-19T00:00:00.000Z
589,0,2020-09-14T00:00:00.000Z
589,1,2020-09-21T00:00:00.000Z
589,2,2020-10-01T00:00:00.000Z
590,0,2020-02-08T00:00:00.000Z
590,1,2020-02-15T00:00:00.000Z
591,0,2020-05-14T00:00:00.000Z
591,1,2020-05-21T00:00:00.000Z
591,2,2020-08-26T00:00:00.000Z
591,4,2020-12-08T00:00:00.000Z
592,0,2020-02-01T00:00:00.000Z
592,3,2020-02-08T00:00:00.000Z
593,0,2020-03-04T00:00:00.000Z
593,1,2020-03-11T00:00:00.000Z
594,0,2020-01-15T00:00:00.000Z
594,2,2020-01-22T00:00:00.000Z
594,4,2020-03-14T00:00:00.000Z
595,0,2020-06-04T00:00:00.000Z
595,1,2020-06-11T00:00:00.000Z
595,2,2020-11-18T00:00:00.000Z
596,0,2020-05-18T00:00:00.000Z
596,1,2020-05-25T00:00:00.000Z
597,0,2020-03-27T00:00:00.000Z
597,2,2020-04-03T00:00:00.000Z
598,0,2020-12-28T00:00:00.000Z
598,2,2021-01-04T00:00:00.000Z
599,0,2020-02-08T00:00:00.000Z
599,1,2020-02-15T00:00:00.000Z
599,3,2020-05-01T00:00:00.000Z
600,0,2020-06-20T00:00:00.000Z
600,1,2020-06-27T00:00:00.000Z
600,3,2020-11-09T00:00:00.000Z
601,0,2020-01-11T00:00:00.000Z
601,1,2020-01-18T00:00:00.000Z
602,0,2020-03-25T00:00:00.000Z
602,1,2020-04-01T00:00:00.000Z
602,4,2020-05-09T00:00:00.000Z
603,0,2020-04-20T00:00:00.000Z
603,2,2020-04-27T00:00:00.000Z
604,0,2020-07-21T00:00:00.000Z
604,1,2020-07-28T00:00:00.000Z
605,0,2020-09-23T00:00:00.000Z
605,3,2020-09-30T00:00:00.000Z
606,0,2020-01-27T00:00:00.000Z
606,4,2020-02-03T00:00:00.000Z
607,0,2020-01-02T00:00:00.000Z
607,1,2020-01-09T00:00:00.000Z
607,4,2020-04-03T00:00:00.000Z
608,0,2020-06-23T00:00:00.000Z
608,1,2020-06-30T00:00:00.000Z
608,4,2020-11-29T00:00:00.000Z
609,0,2020-06-12T00:00:00.000Z
609,2,2020-06-19T00:00:00.000Z
609,4,2020-12-01T00:00:00.000Z
610,0,2020-12-13T00:00:00.000Z
610,1,2020-12-20T00:00:00.000Z
610,2,2021-03-27T00:00:00.000Z
611,0,2020-07-31T00:00:00.000Z
611,2,2020-08-07T00:00:00.000Z
612,0,2020-11-14T00:00:00.000Z
612,4,2020-11-21T00:00:00.000Z
613,0,2020-04-26T00:00:00.000Z
613,4,2020-05-03T00:00:00.000Z
614,0,2020-11-07T00:00:00.000Z
614,1,2020-11-14T00:00:00.000Z
614,4,2021-02-14T00:00:00.000Z
615,0,2020-06-27T00:00:00.000Z
615,2,2020-07-04T00:00:00.000Z
616,0,2020-03-20T00:00:00.000Z
616,1,2020-03-27T00:00:00.000Z
616,4,2020-03-31T00:00:00.000Z
617,0,2020-08-30T00:00:00.000Z
617,3,2020-09-06T00:00:00.000Z
618,0,2020-01-16T00:00:00.000Z
618,1,2020-01-23T00:00:00.000Z
618,2,2020-05-08T00:00:00.000Z
618,4,2020-08-27T00:00:00.000Z
619,0,2020-04-21T00:00:00.000Z
619,2,2020-04-28T00:00:00.000Z
620,0,2020-12-06T00:00:00.000Z
620,1,2020-12-13T00:00:00.000Z
621,0,2020-11-06T00:00:00.000Z
621,1,2020-11-13T00:00:00.000Z
622,0,2020-11-30T00:00:00.000Z
622,1,2020-12-07T00:00:00.000Z
623,0,2020-10-14T00:00:00.000Z
623,2,2020-10-21T00:00:00.000Z
624,0,2020-08-24T00:00:00.000Z
624,2,2020-08-31T00:00:00.000Z
625,0,2020-03-21T00:00:00.000Z
625,2,2020-03-28T00:00:00.000Z
626,0,2020-07-08T00:00:00.000Z
626,1,2020-07-15T00:00:00.000Z
627,0,2020-03-09T00:00:00.000Z
627,2,2020-03-16T00:00:00.000Z
628,0,2020-08-01T00:00:00.000Z
628,2,2020-08-08T00:00:00.000Z
628,3,2021-02-08T00:00:00.000Z
629,0,2020-11-04T00:00:00.000Z
629,4,2020-11-11T00:00:00.000Z
630,0,2020-01-26T00:00:00.000Z
630,2,2020-02-02T00:00:00.000Z
630,4,2020-06-02T00:00:00.000Z
631,0,2020-08-03T00:00:00.000Z
631,1,2020-08-10T00:00:00.000Z
631,3,2020-10-22T00:00:00.000Z
632,0,2020-04-24T00:00:00.000Z
632,1,2020-05-01T00:00:00.000Z
632,2,2020-08-17T00:00:00.000Z
633,0,2020-12-27T00:00:00.000Z
633,4,2021-01-03T00:00:00.000Z
634,0,2020-07-15T00:00:00.000Z
634,4,2020-07-22T00:00:00.000Z
635,0,2020-02-17T00:00:00.000Z
635,1,2020-02-24T00:00:00.000Z
635,3,2020-05-27T00:00:00.000Z
636,0,2020-09-25T00:00:00.000Z
636,1,2020-10-02T00:00:00.000Z
637,0,2020-09-20T00:00:00.000Z
637,1,2020-09-27T00:00:00.000Z
638,0,2020-09-03T00:00:00.000Z
638,4,2020-09-10T00:00:00.000Z
639,0,2020-07-20T00:00:00.000Z
639,3,2020-07-27T00:00:00.000Z
640,0,2020-03-17T00:00:00.000Z
640,1,2020-03-24T00:00:00.000Z
640,2,2020-08-13T00:00:00.000Z
641,0,2020-02-25T00:00:00.000Z
641,2,2020-03-03T00:00:00.000Z
641,4,2020-06-06T00:00:00.000Z
642,0,2020-03-18T00:00:00.000Z
642,1,2020-03-25T00:00:00.000Z
642,4,2020-05-08T00:00:00.000Z
643,0,2020-04-03T00:00:00.000Z
643,1,2020-04-10T00:00:00.000Z
643,2,2020-09-17T00:00:00.000Z
644,0,2020-01-03T00:00:00.000Z
644,1,2020-01-10T00:00:00.000Z
645,0,2020-05-07T00:00:00.000Z
645,2,2020-05-14T00:00:00.000Z
645,4,2020-05-20T00:00:00.000Z
646,0,2020-02-28T00:00:00.000Z
646,1,2020-03-06T00:00:00.000Z
647,0,2020-05-01T00:00:00.000Z
647,1,2020-05-08T00:00:00.000Z
647,2,2020-08-06T00:00:00.000Z
647,4,2020-12-05T00:00:00.000Z
648,0,2020-03-16T00:00:00.000Z
648,1,2020-03-23T00:00:00.000Z
648,3,2020-05-30T00:00:00.000Z
649,0,2020-09-02T00:00:00.000Z
649,2,2020-09-09T00:00:00.000Z
649,4,2021-01-21T00:00:00.000Z
650,0,2020-04-16T00:00:00.000Z
650,4,2020-04-23T00:00:00.000Z
651,0,2020-06-12T00:00:00.000Z
651,1,2020-06-19T00:00:00.000Z
651,2,2020-09-02T00:00:00.000Z
651,4,2020-10-31T00:00:00.000Z
652,0,2020-07-20T00:00:00.000Z
652,1,2020-07-27T00:00:00.000Z
652,3,2020-09-25T00:00:00.000Z
653,0,2020-06-30T00:00:00.000Z
653,2,2020-07-07T00:00:00.000Z
653,4,2020-07-22T00:00:00.000Z
654,0,2020-12-01T00:00:00.000Z
654,1,2020-12-08T00:00:00.000Z
654,4,2021-03-10T00:00:00.000Z
655,0,2020-04-22T00:00:00.000Z
655,1,2020-04-29T00:00:00.000Z
655,2,2020-05-16T00:00:00.000Z
656,0,2020-05-22T00:00:00.000Z
656,2,2020-05-29T00:00:00.000Z
657,0,2020-09-25T00:00:00.000Z
657,4,2020-10-02T00:00:00.000Z
658,0,2020-11-14T00:00:00.000Z
658,1,2020-11-21T00:00:00.000Z
658,2,2021-01-27T00:00:00.000Z
659,0,2020-09-30T00:00:00.000Z
659,2,2020-10-07T00:00:00.000Z
660,0,2020-05-02T00:00:00.000Z
660,4,2020-05-09T00:00:00.000Z
661,0,2020-04-13T00:00:00.000Z
661,1,2020-04-20T00:00:00.000Z
661,2,2020-07-09T00:00:00.000Z
661,3,2020-10-09T00:00:00.000Z
662,0,2020-01-28T00:00:00.000Z
662,2,2020-02-04T00:00:00.000Z
663,0,2020-09-13T00:00:00.000Z
663,2,2020-09-20T00:00:00.000Z
664,0,2020-01-30T00:00:00.000Z
664,1,2020-02-06T00:00:00.000Z
664,3,2020-04-20T00:00:00.000Z
664,4,2021-04-20T00:00:00.000Z
665,0,2020-09-24T00:00:00.000Z
665,1,2020-10-01T00:00:00.000Z
666,0,2020-12-10T00:00:00.000Z
666,2,2020-12-17T00:00:00.000Z
667,0,2020-12-25T00:00:00.000Z
667,2,2021-01-01T00:00:00.000Z
668,0,2020-02-13T00:00:00.000Z
668,1,2020-02-20T00:00:00.000Z
668,3,2020-06-14T00:00:00.000Z
669,0,2020-11-28T00:00:00.000Z
669,1,2020-12-05T00:00:00.000Z
669,2,2021-04-24T00:00:00.000Z
670,0,2020-01-03T00:00:00.000Z
670,2,2020-01-10T00:00:00.000Z
670,4,2020-02-18T00:00:00.000Z
671,0,2020-06-01T00:00:00.000Z
671,3,2020-06-08T00:00:00.000Z
672,0,2020-12-29T00:00:00.000Z
672,2,2021-01-05T00:00:00.000Z
672,4,2021-03-01T00:00:00.000Z
673,0,2020-01-01T00:00:00.000Z
673,1,2020-01-08T00:00:00.000Z
674,0,2020-02-03T00:00:00.000Z
674,1,2020-02-10T00:00:00.000Z
674,4,2020-04-12T00:00:00.000Z
675,0,2020-04-25T00:00:00.000Z
675,2,2020-05-02T00:00:00.000Z
676,0,2020-04-22T00:00:00.000Z
676,1,2020-04-29T00:00:00.000Z
676,2,2020-06-08T00:00:00.000Z
677,0,2020-12-15T00:00:00.000Z
677,1,2020-12-22T00:00:00.000Z
678,0,2020-03-05T00:00:00.000Z
678,1,2020-03-12T00:00:00.000Z
679,0,2020-06-10T00:00:00.000Z
679,2,2020-06-17T00:00:00.000Z
679,4,2020-11-30T00:00:00.000Z
680,0,2020-04-11T00:00:00.000Z
680,1,2020-04-18T00:00:00.000Z
681,0,2020-02-23T00:00:00.000Z
681,2,2020-03-01T00:00:00.000Z
682,0,2020-08-21T00:00:00.000Z
682,1,2020-08-28T00:00:00.000Z
682,2,2020-10-15T00:00:00.000Z
683,0,2020-07-19T00:00:00.000Z
683,1,2020-07-26T00:00:00.000Z
683,4,2020-08-06T00:00:00.000Z
684,0,2020-06-09T00:00:00.000Z
684,1,2020-06-16T00:00:00.000Z
684,2,2020-11-16T00:00:00.000Z
684,3,2020-12-16T00:00:00.000Z
685,0,2020-05-09T00:00:00.000Z
685,1,2020-05-16T00:00:00.000Z
685,2,2020-11-09T00:00:00.000Z
685,4,2021-02-09T00:00:00.000Z
686,0,2020-07-24T00:00:00.000Z
686,1,2020-07-31T00:00:00.000Z
686,2,2020-10-11T00:00:00.000Z
686,4,2020-11-02T00:00:00.000Z
687,0,2020-05-23T00:00:00.000Z
687,1,2020-05-30T00:00:00.000Z
688,0,2020-08-13T00:00:00.000Z
688,1,2020-08-20T00:00:00.000Z
688,3,2020-09-20T00:00:00.000Z
689,0,2020-12-09T00:00:00.000Z
689,2,2020-12-16T00:00:00.000Z
690,0,2020-04-28T00:00:00.000Z
690,1,2020-05-05T00:00:00.000Z
690,2,2020-06-13T00:00:00.000Z
691,0,2020-06-15T00:00:00.000Z
691,2,2020-06-22T00:00:00.000Z
691,3,2020-11-22T00:00:00.000Z
692,0,2020-11-23T00:00:00.000Z
692,1,2020-11-30T00:00:00.000Z
693,0,2020-08-13T00:00:00.000Z
693,2,2020-08-20T00:00:00.000Z
693,3,2020-09-20T00:00:00.000Z
694,0,2020-11-26T00:00:00.000Z
694,1,2020-12-03T00:00:00.000Z
695,0,2020-05-04T00:00:00.000Z
695,2,2020-05-11T00:00:00.000Z
696,0,2020-09-27T00:00:00.000Z
696,1,2020-10-04T00:00:00.000Z
697,0,2020-01-23T00:00:00.000Z
697,1,2020-01-30T00:00:00.000Z
698,0,2020-11-12T00:00:00.000Z
698,1,2020-11-19T00:00:00.000Z
698,2,2021-01-28T00:00:00.000Z
699,0,2020-06-19T00:00:00.000Z
699,2,2020-06-26T00:00:00.000Z
700,0,2020-12-06T00:00:00.000Z
700,2,2020-12-13T00:00:00.000Z
700,3,2021-03-13T00:00:00.000Z
701,0,2020-05-10T00:00:00.000Z
701,1,2020-05-17T00:00:00.000Z
701,4,2020-11-07T00:00:00.000Z
702,0,2020-01-08T00:00:00.000Z
702,2,2020-01-15T00:00:00.000Z
702,4,2020-02-27T00:00:00.000Z
703,0,2020-11-02T00:00:00.000Z
703,1,2020-11-09T00:00:00.000Z
703,4,2020-12-04T00:00:00.000Z
704,0,2020-12-06T00:00:00.000Z
704,1,2020-12-13T00:00:00.000Z
704,4,2021-01-19T00:00:00.000Z
705,0,2020-07-15T00:00:00.000Z
705,1,2020-07-22T00:00:00.000Z
705,2,2020-12-14T00:00:00.000Z
705,4,2021-02-06T00:00:00.000Z
706,0,2020-12-07T00:00:00.000Z
706,1,2020-12-14T00:00:00.000Z
706,4,2021-01-24T00:00:00.000Z
707,0,2020-08-30T00:00:00.000Z
707,1,2020-09-06T00:00:00.000Z
707,2,2021-02-28T00:00:00.000Z
708,0,2020-07-05T00:00:00.000Z
708,4,2020-07-12T00:00:00.000Z
709,0,2020-03-11T00:00:00.000Z
709,1,2020-03-18T00:00:00.000Z
709,4,2020-03-30T00:00:00.000Z
710,0,2020-09-29T00:00:00.000Z
710,1,2020-10-06T00:00:00.000Z
710,4,2020-12-24T00:00:00.000Z
711,0,2020-10-02T00:00:00.000Z
711,1,2020-10-09T00:00:00.000Z
711,2,2020-11-16T00:00:00.000Z
711,4,2020-12-31T00:00:00.000Z
712,0,2020-12-26T00:00:00.000Z
712,1,2021-01-02T00:00:00.000Z
713,0,2020-09-15T00:00:00.000Z
713,2,2020-09-22T00:00:00.000Z
714,0,2020-07-28T00:00:00.000Z
714,2,2020-08-04T00:00:00.000Z
715,0,2020-02-21T00:00:00.000Z
715,3,2020-02-28T00:00:00.000Z
716,0,2020-12-23T00:00:00.000Z
716,1,2020-12-30T00:00:00.000Z
716,4,2021-02-16T00:00:00.000Z
717,0,2020-01-08T00:00:00.000Z
717,2,2020-01-15T00:00:00.000Z
717,3,2020-06-15T00:00:00.000Z
718,0,2020-05-24T00:00:00.000Z
718,1,2020-05-31T00:00:00.000Z
719,0,2020-04-11T00:00:00.000Z
719,1,2020-04-18T00:00:00.000Z
720,0,2020-04-27T00:00:00.000Z
720,2,2020-05-04T00:00:00.000Z
721,0,2020-08-12T00:00:00.000Z
721,1,2020-08-19T00:00:00.000Z
722,0,2020-08-21T00:00:00.000Z
722,1,2020-08-28T00:00:00.000Z
722,4,2021-01-31T00:00:00.000Z
723,0,2020-05-26T00:00:00.000Z
723,2,2020-06-02T00:00:00.000Z
724,0,2020-10-03T00:00:00.000Z
724,2,2020-10-10T00:00:00.000Z
724,4,2020-11-06T00:00:00.000Z
725,0,2020-05-30T00:00:00.000Z
725,2,2020-06-06T00:00:00.000Z
725,3,2020-07-06T00:00:00.000Z
726,0,2020-03-02T00:00:00.000Z
726,4,2020-03-09T00:00:00.000Z
727,0,2020-04-05T00:00:00.000Z
727,2,2020-04-12T00:00:00.000Z
728,0,2020-06-17T00:00:00.000Z
728,1,2020-06-24T00:00:00.000Z
729,0,2020-04-03T00:00:00.000Z
729,1,2020-04-10T00:00:00.000Z
729,2,2020-08-17T00:00:00.000Z
730,0,2020-08-15T00:00:00.000Z
730,1,2020-08-22T00:00:00.000Z
730,3,2020-10-27T00:00:00.000Z
731,0,2020-09-13T00:00:00.000Z
731,1,2020-09-20T00:00:00.000Z
731,2,2020-09-29T00:00:00.000Z
731,4,2021-03-07T00:00:00.000Z
732,0,2020-06-16T00:00:00.000Z
732,4,2020-06-23T00:00:00.000Z
733,0,2020-04-11T00:00:00.000Z
733,1,2020-04-18T00:00:00.000Z
733,4,2020-04-24T00:00:00.000Z
734,0,2020-09-05T00:00:00.000Z
734,2,2020-09-12T00:00:00.000Z
735,0,2020-11-23T00:00:00.000Z
735,1,2020-11-30T00:00:00.000Z
735,4,2021-04-04T00:00:00.000Z
736,0,2020-03-19T00:00:00.000Z
736,1,2020-03-26T00:00:00.000Z
736,2,2020-04-07T00:00:00.000Z
736,4,2020-06-04T00:00:00.000Z
737,0,2020-11-04T00:00:00.000Z
737,1,2020-11-11T00:00:00.000Z
738,0,2020-01-22T00:00:00.000Z
738,3,2020-01-29T00:00:00.000Z
739,0,2020-12-06T00:00:00.000Z
739,2,2020-12-13T00:00:00.000Z
740,0,2020-12-30T00:00:00.000Z
740,1,2021-01-06T00:00:00.000Z
740,4,2021-04-06T00:00:00.000Z
741,0,2020-03-24T00:00:00.000Z
741,2,2020-03-31T00:00:00.000Z
742,0,2020-08-13T00:00:00.000Z
742,1,2020-08-20T00:00:00.000Z
742,3,2020-11-22T00:00:00.000Z
743,0,2020-07-14T00:00:00.000Z
743,3,2020-07-21T00:00:00.000Z
744,0,2020-04-15T00:00:00.000Z
744,2,2020-04-22T00:00:00.000Z
744,4,2020-09-11T00:00:00.000Z
745,0,2020-03-05T00:00:00.000Z
745,1,2020-03-12T00:00:00.000Z
745,3,2020-08-25T00:00:00.000Z
746,0,2020-11-28T00:00:00.000Z
746,1,2020-12-05T00:00:00.000Z
746,2,2021-02-23T00:00:00.000Z
746,3,2021-04-23T00:00:00.000Z
747,0,2020-11-10T00:00:00.000Z
747,2,2020-11-17T00:00:00.000Z
748,0,2020-02-29T00:00:00.000Z
748,2,2020-03-07T00:00:00.000Z
748,4,2020-07-10T00:00:00.000Z
749,0,2020-02-02T00:00:00.000Z
749,2,2020-02-09T00:00:00.000Z
750,0,2020-07-03T00:00:00.000Z
750,4,2020-07-10T00:00:00.000Z
751,0,2020-05-31T00:00:00.000Z
751,1,2020-06-07T00:00:00.000Z
752,0,2020-10-28T00:00:00.000Z
752,4,2020-11-04T00:00:00.000Z
753,0,2020-08-26T00:00:00.000Z
753,1,2020-09-02T00:00:00.000Z
753,2,2021-01-23T00:00:00.000Z
754,0,2020-04-26T00:00:00.000Z
754,1,2020-05-03T00:00:00.000Z
754,4,2020-05-09T00:00:00.000Z
755,0,2020-05-09T00:00:00.000Z
755,1,2020-05-16T00:00:00.000Z
755,3,2020-10-22T00:00:00.000Z
756,0,2020-02-19T00:00:00.000Z
756,4,2020-02-26T00:00:00.000Z
757,0,2020-11-05T00:00:00.000Z
757,4,2020-11-12T00:00:00.000Z
758,0,2020-10-28T00:00:00.000Z
758,1,2020-11-04T00:00:00.000Z
758,2,2020-12-30T00:00:00.000Z
759,0,2020-11-11T00:00:00.000Z
759,2,2020-11-18T00:00:00.000Z
760,0,2020-09-27T00:00:00.000Z
760,4,2020-10-04T00:00:00.000Z
761,0,2020-11-18T00:00:00.000Z
761,1,2020-11-25T00:00:00.000Z
761,2,2021-01-19T00:00:00.000Z
761,3,2021-02-19T00:00:00.000Z
762,0,2020-10-07T00:00:00.000Z
762,2,2020-10-14T00:00:00.000Z
763,0,2020-07-02T00:00:00.000Z
763,2,2020-07-09T00:00:00.000Z
764,0,2020-03-04T00:00:00.000Z
764,2,2020-03-11T00:00:00.000Z
765,0,2020-11-17T00:00:00.000Z
765,1,2020-11-24T00:00:00.000Z
765,4,2021-03-12T00:00:00.000Z
766,0,2020-12-14T00:00:00.000Z
766,1,2020-12-21T00:00:00.000Z
766,2,2021-03-02T00:00:00.000Z
766,4,2021-04-05T00:00:00.000Z
767,0,2020-08-21T00:00:00.000Z
767,1,2020-08-28T00:00:00.000Z
767,3,2020-12-26T00:00:00.000Z
768,0,2020-03-23T00:00:00.000Z
768,1,2020-03-30T00:00:00.000Z
768,4,2020-06-01T00:00:00.000Z
769,0,2020-11-10T00:00:00.000Z
769,1,2020-11-17T00:00:00.000Z
769,4,2021-02-26T00:00:00.000Z
770,0,2020-12-03T00:00:00.000Z
770,1,2020-12-10T00:00:00.000Z
771,0,2020-05-20T00:00:00.000Z
771,4,2020-05-27T00:00:00.000Z
772,0,2020-06-11T00:00:00.000Z
772,1,2020-06-18T00:00:00.000Z
772,4,2020-08-20T00:00:00.000Z
773,0,2020-09-29T00:00:00.000Z
773,2,2020-10-06T00:00:00.000Z
773,4,2021-01-21T00:00:00.000Z
774,0,2020-12-04T00:00:00.000Z
774,2,2020-12-11T00:00:00.000Z
775,0,2020-11-24T00:00:00.000Z
775,1,2020-12-01T00:00:00.000Z
775,2,2020-12-03T00:00:00.000Z
776,0,2020-12-14T00:00:00.000Z
776,1,2020-12-21T00:00:00.000Z
776,3,2021-04-29T00:00:00.000Z
777,0,2020-09-06T00:00:00.000Z
777,2,2020-09-13T00:00:00.000Z
777,4,2020-10-07T00:00:00.000Z
778,0,2020-06-02T00:00:00.000Z
778,2,2020-06-09T00:00:00.000Z
778,3,2020-11-09T00:00:00.000Z
779,0,2020-08-16T00:00:00.000Z
779,1,2020-08-23T00:00:00.000Z
779,2,2020-11-14T00:00:00.000Z
780,0,2020-08-13T00:00:00.000Z
780,1,2020-08-20T00:00:00.000Z
780,2,2020-12-27T00:00:00.000Z
780,3,2021-04-27T00:00:00.000Z
781,0,2020-11-10T00:00:00.000Z
781,1,2020-11-17T00:00:00.000Z
782,0,2020-09-08T00:00:00.000Z
782,2,2020-09-15T00:00:00.000Z
783,0,2020-05-28T00:00:00.000Z
783,3,2020-06-04T00:00:00.000Z
784,0,2020-12-02T00:00:00.000Z
784,4,2020-12-09T00:00:00.000Z
785,0,2020-04-12T00:00:00.000Z
785,2,2020-04-19T00:00:00.000Z
786,0,2020-05-10T00:00:00.000Z
786,4,2020-05-17T00:00:00.000Z
787,0,2020-09-20T00:00:00.000Z
787,2,2020-09-27T00:00:00.000Z
788,0,2020-05-11T00:00:00.000Z
788,1,2020-05-18T00:00:00.000Z
788,2,2020-06-23T00:00:00.000Z
789,0,2020-06-28T00:00:00.000Z
789,1,2020-07-05T00:00:00.000Z
790,0,2020-03-10T00:00:00.000Z
790,1,2020-03-17T00:00:00.000Z
791,0,2020-07-24T00:00:00.000Z
791,4,2020-07-31T00:00:00.000Z
792,0,2020-09-19T00:00:00.000Z
792,1,2020-09-26T00:00:00.000Z
792,2,2020-12-27T00:00:00.000Z
793,0,2020-05-07T00:00:00.000Z
793,1,2020-05-14T00:00:00.000Z
793,4,2020-10-19T00:00:00.000Z
794,0,2020-08-22T00:00:00.000Z
794,2,2020-08-29T00:00:00.000Z
795,0,2020-08-22T00:00:00.000Z
795,1,2020-08-29T00:00:00.000Z
795,3,2020-12-13T00:00:00.000Z
796,0,2020-04-28T00:00:00.000Z
796,2,2020-05-05T00:00:00.000Z
796,4,2020-06-07T00:00:00.000Z
797,0,2020-01-17T00:00:00.000Z
797,2,2020-01-24T00:00:00.000Z
798,0,2020-10-11T00:00:00.000Z
798,1,2020-10-18T00:00:00.000Z
798,2,2020-12-05T00:00:00.000Z
798,3,2021-03-05T00:00:00.000Z
799,0,2020-12-12T00:00:00.000Z
799,2,2020-12-19T00:00:00.000Z
800,0,2020-05-12T00:00:00.000Z
800,4,2020-05-19T00:00:00.000Z
801,0,2020-08-11T00:00:00.000Z
801,2,2020-08-18T00:00:00.000Z
802,0,2020-02-05T00:00:00.000Z
802,3,2020-02-12T00:00:00.000Z
803,0,2020-01-23T00:00:00.000Z
803,4,2020-01-30T00:00:00.000Z
804,0,2020-07-12T00:00:00.000Z
804,1,2020-07-19T00:00:00.000Z
804,2,2020-11-13T00:00:00.000Z
804,4,2020-11-27T00:00:00.000Z
805,0,2020-04-02T00:00:00.000Z
805,1,2020-04-09T00:00:00.000Z
805,2,2020-09-02T00:00:00.000Z
806,0,2020-05-02T00:00:00.000Z
806,1,2020-05-09T00:00:00.000Z
806,2,2020-05-13T00:00:00.000Z
806,3,2020-06-13T00:00:00.000Z
807,0,2020-03-05T00:00:00.000Z
807,1,2020-03-12T00:00:00.000Z
807,3,2020-07-28T00:00:00.000Z
808,0,2020-05-17T00:00:00.000Z
808,1,2020-05-24T00:00:00.000Z
809,0,2020-10-20T00:00:00.000Z
809,1,2020-10-27T00:00:00.000Z
810,0,2020-11-22T00:00:00.000Z
810,1,2020-11-29T00:00:00.000Z
810,4,2020-12-02T00:00:00.000Z
811,0,2020-03-07T00:00:00.000Z
811,1,2020-03-14T00:00:00.000Z
811,4,2020-07-04T00:00:00.000Z
812,0,2020-05-13T00:00:00.000Z
812,2,2020-05-20T00:00:00.000Z
812,4,2020-11-15T00:00:00.000Z
813,0,2020-02-01T00:00:00.000Z
813,2,2020-02-08T00:00:00.000Z
814,0,2020-11-11T00:00:00.000Z
814,1,2020-11-18T00:00:00.000Z
814,4,2021-04-02T00:00:00.000Z
815,0,2020-12-02T00:00:00.000Z
815,2,2020-12-09T00:00:00.000Z
815,3,2021-01-09T00:00:00.000Z
816,0,2020-01-19T00:00:00.000Z
816,4,2020-01-26T00:00:00.000Z
817,0,2020-05-21T00:00:00.000Z
817,2,2020-05-28T00:00:00.000Z
817,3,2020-08-28T00:00:00.000Z
818,0,2020-01-16T00:00:00.000Z
818,1,2020-01-23T00:00:00.000Z
818,2,2020-06-25T00:00:00.000Z
819,0,2020-01-18T00:00:00.000Z
819,1,2020-01-25T00:00:00.000Z
819,3,2020-06-01T00:00:00.000Z
820,0,2020-07-22T00:00:00.000Z
820,1,2020-07-29T00:00:00.000Z
821,0,2020-04-15T00:00:00.000Z
821,1,2020-04-22T00:00:00.000Z
821,2,2020-10-06T00:00:00.000Z
822,0,2020-10-10T00:00:00.000Z
822,1,2020-10-17T00:00:00.000Z
822,3,2021-03-15T00:00:00.000Z
823,0,2020-04-07T00:00:00.000Z
823,2,2020-04-14T00:00:00.000Z
824,0,2020-02-14T00:00:00.000Z
824,2,2020-02-21T00:00:00.000Z
825,0,2020-09-27T00:00:00.000Z
825,1,2020-10-04T00:00:00.000Z
825,2,2020-11-10T00:00:00.000Z
826,0,2020-07-25T00:00:00.000Z
826,1,2020-08-01T00:00:00.000Z
827,0,2020-11-03T00:00:00.000Z
827,1,2020-11-10T00:00:00.000Z
828,0,2020-06-22T00:00:00.000Z
828,1,2020-06-29T00:00:00.000Z
828,3,2020-12-24T00:00:00.000Z
829,0,2020-04-13T00:00:00.000Z
829,1,2020-04-20T00:00:00.000Z
829,4,2020-09-23T00:00:00.000Z
830,0,2020-07-19T00:00:00.000Z
830,1,2020-07-26T00:00:00.000Z
830,2,2020-12-26T00:00:00.000Z
831,0,2020-08-10T00:00:00.000Z
831,1,2020-08-17T00:00:00.000Z
831,2,2020-11-13T00:00:00.000Z
831,4,2021-01-15T00:00:00.000Z
832,0,2020-03-07T00:00:00.000Z
832,1,2020-03-14T00:00:00.000Z
832,2,2020-07-13T00:00:00.000Z
833,0,2020-10-08T00:00:00.000Z
833,2,2020-10-15T00:00:00.000Z
833,4,2020-10-22T00:00:00.000Z
834,0,2020-07-05T00:00:00.000Z
834,2,2020-07-12T00:00:00.000Z
834,3,2020-11-12T00:00:00.000Z
835,0,2020-10-04T00:00:00.000Z
835,1,2020-10-11T00:00:00.000Z
835,4,2020-11-28T00:00:00.000Z
836,0,2020-03-24T00:00:00.000Z
836,1,2020-03-31T00:00:00.000Z
836,3,2020-04-16T00:00:00.000Z
837,0,2020-11-05T00:00:00.000Z
837,2,2020-11-12T00:00:00.000Z
838,0,2020-03-26T00:00:00.000Z
838,1,2020-04-02T00:00:00.000Z
838,2,2020-07-18T00:00:00.000Z
838,3,2020-10-18T00:00:00.000Z
839,0,2020-08-13T00:00:00.000Z
839,4,2020-08-20T00:00:00.000Z
840,0,2020-04-11T00:00:00.000Z
840,2,2020-04-18T00:00:00.000Z
840,3,2020-05-18T00:00:00.000Z
841,0,2020-03-12T00:00:00.000Z
841,2,2020-03-19T00:00:00.000Z
842,0,2020-02-11T00:00:00.000Z
842,2,2020-02-18T00:00:00.000Z
842,4,2020-08-14T00:00:00.000Z
843,0,2020-08-11T00:00:00.000Z
843,1,2020-08-18T00:00:00.000Z
843,2,2021-02-04T00:00:00.000Z
844,0,2020-10-14T00:00:00.000Z
844,4,2020-10-21T00:00:00.000Z
845,0,2020-04-21T00:00:00.000Z
845,2,2020-04-28T00:00:00.000Z
845,3,2020-09-28T00:00:00.000Z
846,0,2020-03-18T00:00:00.000Z
846,2,2020-03-25T00:00:00.000Z
846,3,2020-09-25T00:00:00.000Z
847,0,2020-01-20T00:00:00.000Z
847,2,2020-01-27T00:00:00.000Z
847,3,2020-05-27T00:00:00.000Z
848,0,2020-12-30T00:00:00.000Z
848,2,2021-01-06T00:00:00.000Z
849,0,2020-06-24T00:00:00.000Z
849,1,2020-07-01T00:00:00.000Z
849,4,2020-10-11T00:00:00.000Z
850,0,2020-04-22T00:00:00.000Z
850,1,2020-04-29T00:00:00.000Z
850,2,2020-07-03T00:00:00.000Z
850,4,2020-10-26T00:00:00.000Z
851,0,2020-07-18T00:00:00.000Z
851,1,2020-07-25T00:00:00.000Z
851,4,2020-12-06T00:00:00.000Z
852,0,2020-03-03T00:00:00.000Z
852,1,2020-03-10T00:00:00.000Z
853,0,2020-03-22T00:00:00.000Z
853,2,2020-03-29T00:00:00.000Z
854,0,2020-07-15T00:00:00.000Z
854,2,2020-07-22T00:00:00.000Z
854,3,2020-09-22T00:00:00.000Z
855,0,2020-06-17T00:00:00.000Z
855,1,2020-06-24T00:00:00.000Z
856,0,2020-05-02T00:00:00.000Z
856,1,2020-05-09T00:00:00.000Z
857,0,2020-05-16T00:00:00.000Z
857,1,2020-05-23T00:00:00.000Z
857,2,2020-09-01T00:00:00.000Z
857,4,2020-12-01T00:00:00.000Z
858,0,2020-03-22T00:00:00.000Z
858,2,2020-03-29T00:00:00.000Z
858,3,2020-05-29T00:00:00.000Z
859,0,2020-11-15T00:00:00.000Z
859,4,2020-11-22T00:00:00.000Z
860,0,2020-07-01T00:00:00.000Z
860,2,2020-07-08T00:00:00.000Z
860,3,2020-11-08T00:00:00.000Z
861,0,2020-07-22T00:00:00.000Z
861,1,2020-07-29T00:00:00.000Z
862,0,2020-07-18T00:00:00.000Z
862,4,2020-07-25T00:00:00.000Z
863,0,2020-02-11T00:00:00.000Z
863,2,2020-02-18T00:00:00.000Z
863,4,2020-04-20T00:00:00.000Z
864,0,2020-04-08T00:00:00.000Z
864,3,2020-04-15T00:00:00.000Z
865,0,2020-02-21T00:00:00.000Z
865,1,2020-02-28T00:00:00.000Z
865,2,2020-04-03T00:00:00.000Z
865,4,2020-07-20T00:00:00.000Z
866,0,2020-07-15T00:00:00.000Z
866,1,2020-07-22T00:00:00.000Z
866,2,2020-12-21T00:00:00.000Z
866,4,2021-03-25T00:00:00.000Z
867,0,2020-04-02T00:00:00.000Z
867,2,2020-04-09T00:00:00.000Z
868,0,2020-03-14T00:00:00.000Z
868,3,2020-03-21T00:00:00.000Z
869,0,2020-12-02T00:00:00.000Z
869,1,2020-12-09T00:00:00.000Z
870,0,2020-08-11T00:00:00.000Z
870,1,2020-08-18T00:00:00.000Z
870,3,2020-08-23T00:00:00.000Z
871,0,2020-12-18T00:00:00.000Z
871,1,2020-12-25T00:00:00.000Z
871,2,2021-03-07T00:00:00.000Z
872,0,2020-10-18T00:00:00.000Z
872,1,2020-10-25T00:00:00.000Z
872,4,2021-03-12T00:00:00.000Z
873,0,2020-03-24T00:00:00.000Z
873,2,2020-03-31T00:00:00.000Z
873,3,2020-06-30T00:00:00.000Z
874,0,2020-04-08T00:00:00.000Z
874,1,2020-04-15T00:00:00.000Z
875,0,2020-03-13T00:00:00.000Z
875,1,2020-03-20T00:00:00.000Z
875,2,2020-08-04T00:00:00.000Z
875,3,2020-12-04T00:00:00.000Z
876,0,2020-04-09T00:00:00.000Z
876,1,2020-04-16T00:00:00.000Z
876,2,2020-07-19T00:00:00.000Z
877,0,2020-03-23T00:00:00.000Z
877,1,2020-03-30T00:00:00.000Z
878,0,2020-07-27T00:00:00.000Z
878,1,2020-08-03T00:00:00.000Z
878,2,2020-11-23T00:00:00.000Z
879,0,2020-09-10T00:00:00.000Z
879,1,2020-09-17T00:00:00.000Z
880,0,2020-08-05T00:00:00.000Z
880,1,2020-08-12T00:00:00.000Z
880,3,2021-01-10T00:00:00.000Z
881,0,2020-10-17T00:00:00.000Z
881,2,2020-10-24T00:00:00.000Z
881,4,2020-11-25T00:00:00.000Z
882,0,2020-02-22T00:00:00.000Z
882,1,2020-02-29T00:00:00.000Z
883,0,2020-03-05T00:00:00.000Z
883,1,2020-03-12T00:00:00.000Z
883,2,2020-07-19T00:00:00.000Z
884,0,2020-11-01T00:00:00.000Z
884,1,2020-11-08T00:00:00.000Z
884,2,2020-11-25T00:00:00.000Z
885,0,2020-03-08T00:00:00.000Z
885,1,2020-03-15T00:00:00.000Z
885,2,2020-06-22T00:00:00.000Z
886,0,2020-12-09T00:00:00.000Z
886,2,2020-12-16T00:00:00.000Z
887,0,2020-05-12T00:00:00.000Z
887,2,2020-05-19T00:00:00.000Z
887,4,2020-09-25T00:00:00.000Z
888,0,2020-02-25T00:00:00.000Z
888,2,2020-03-03T00:00:00.000Z
888,3,2020-05-03T00:00:00.000Z
889,0,2020-08-20T00:00:00.000Z
889,1,2020-08-27T00:00:00.000Z
889,2,2020-09-13T00:00:00.000Z
889,4,2021-03-03T00:00:00.000Z
890,0,2020-09-22T00:00:00.000Z
890,2,2020-09-29T00:00:00.000Z
891,0,2020-05-07T00:00:00.000Z
891,1,2020-05-14T00:00:00.000Z
891,2,2020-08-12T00:00:00.000Z
891,4,2021-02-02T00:00:00.000Z
892,0,2020-07-20T00:00:00.000Z
892,4,2020-07-27T00:00:00.000Z
893,0,2020-05-16T00:00:00.000Z
893,1,2020-05-23T00:00:00.000Z
893,3,2020-10-15T00:00:00.000Z
894,0,2020-11-26T00:00:00.000Z
894,2,2020-12-03T00:00:00.000Z
895,0,2020-09-07T00:00:00.000Z
895,1,2020-09-14T00:00:00.000Z
895,3,2021-02-15T00:00:00.000Z
896,0,2020-05-31T00:00:00.000Z
896,1,2020-06-07T00:00:00.000Z
896,2,2020-08-16T00:00:00.000Z
897,0,2020-06-24T00:00:00.000Z
897,1,2020-07-01T00:00:00.000Z
897,2,2020-08-12T00:00:00.000Z
897,4,2020-12-30T00:00:00.000Z
898,0,2020-05-10T00:00:00.000Z
898,4,2020-05-17T00:00:00.000Z
899,0,2020-04-27T00:00:00.000Z
899,1,2020-05-04T00:00:00.000Z
899,4,2020-07-14T00:00:00.000Z
900,0,2020-09-27T00:00:00.000Z
900,2,2020-10-04T00:00:00.000Z
901,0,2020-04-21T00:00:00.000Z
901,1,2020-04-28T00:00:00.000Z
901,2,2020-05-22T00:00:00.000Z
902,0,2020-12-29T00:00:00.000Z
902,1,2021-01-05T00:00:00.000Z
903,0,2020-05-09T00:00:00.000Z
903,1,2020-05-16T00:00:00.000Z
903,4,2020-06-17T00:00:00.000Z
904,0,2020-06-29T00:00:00.000Z
904,4,2020-07-06T00:00:00.000Z
905,0,2020-02-19T00:00:00.000Z
905,2,2020-02-26T00:00:00.000Z
906,0,2020-04-14T00:00:00.000Z
906,1,2020-04-21T00:00:00.000Z
906,2,2020-04-29T00:00:00.000Z
907,0,2020-03-24T00:00:00.000Z
907,1,2020-03-31T00:00:00.000Z
907,2,2020-06-26T00:00:00.000Z
907,4,2020-10-20T00:00:00.000Z
908,0,2020-02-09T00:00:00.000Z
908,2,2020-02-16T00:00:00.000Z
909,0,2020-09-09T00:00:00.000Z
909,1,2020-09-16T00:00:00.000Z
909,3,2021-01-18T00:00:00.000Z
910,0,2020-07-23T00:00:00.000Z
910,2,2020-07-30T00:00:00.000Z
911,0,2020-05-01T00:00:00.000Z
911,1,2020-05-08T00:00:00.000Z
911,2,2020-06-05T00:00:00.000Z
912,0,2020-12-16T00:00:00.000Z
912,2,2020-12-23T00:00:00.000Z
912,3,2021-02-23T00:00:00.000Z
913,0,2020-12-27T00:00:00.000Z
913,2,2021-01-03T00:00:00.000Z
914,0,2020-07-18T00:00:00.000Z
914,1,2020-07-25T00:00:00.000Z
914,2,2020-07-30T00:00:00.000Z
914,4,2020-10-05T00:00:00.000Z
915,0,2020-09-28T00:00:00.000Z
915,2,2020-10-05T00:00:00.000Z
916,0,2020-01-19T00:00:00.000Z
916,2,2020-01-26T00:00:00.000Z
916,3,2020-02-26T00:00:00.000Z
917,0,2020-07-07T00:00:00.000Z
917,1,2020-07-14T00:00:00.000Z
917,3,2020-10-10T00:00:00.000Z
918,0,2020-06-03T00:00:00.000Z
918,1,2020-06-10T00:00:00.000Z
918,2,2020-09-01T00:00:00.000Z
918,3,2020-12-01T00:00:00.000Z
919,0,2020-09-12T00:00:00.000Z
919,4,2020-09-19T00:00:00.000Z
920,0,2020-08-19T00:00:00.000Z
920,2,2020-08-26T00:00:00.000Z
921,0,2020-07-26T00:00:00.000Z
921,1,2020-08-02T00:00:00.000Z
921,2,2020-11-20T00:00:00.000Z
922,0,2020-11-02T00:00:00.000Z
922,2,2020-11-09T00:00:00.000Z
922,3,2021-02-09T00:00:00.000Z
923,0,2020-08-28T00:00:00.000Z
923,2,2020-09-04T00:00:00.000Z
923,4,2020-11-04T00:00:00.000Z
924,0,2020-06-19T00:00:00.000Z
924,1,2020-06-26T00:00:00.000Z
924,2,2020-12-02T00:00:00.000Z
925,0,2020-09-21T00:00:00.000Z
925,1,2020-09-28T00:00:00.000Z
925,2,2021-02-04T00:00:00.000Z
926,0,2020-07-12T00:00:00.000Z
926,1,2020-07-19T00:00:00.000Z
926,2,2020-10-13T00:00:00.000Z
926,3,2021-02-13T00:00:00.000Z
927,0,2020-01-13T00:00:00.000Z
927,2,2020-01-20T00:00:00.000Z
928,0,2020-07-08T00:00:00.000Z
928,4,2020-07-15T00:00:00.000Z
929,0,2020-04-02T00:00:00.000Z
929,1,2020-04-09T00:00:00.000Z
929,3,2020-08-13T00:00:00.000Z
930,0,2020-02-14T00:00:00.000Z
930,1,2020-02-21T00:00:00.000Z
930,2,2020-03-24T00:00:00.000Z
931,0,2020-01-27T00:00:00.000Z
931,1,2020-02-03T00:00:00.000Z
931,2,2020-02-12T00:00:00.000Z
931,3,2020-04-12T00:00:00.000Z
932,0,2020-11-01T00:00:00.000Z
932,3,2020-11-08T00:00:00.000Z
933,0,2020-05-08T00:00:00.000Z
933,1,2020-05-15T00:00:00.000Z
933,2,2020-06-24T00:00:00.000Z
934,0,2020-01-07T00:00:00.000Z
934,2,2020-01-14T00:00:00.000Z
934,4,2020-04-25T00:00:00.000Z
935,0,2020-01-25T00:00:00.000Z
935,4,2020-02-01T00:00:00.000Z
936,0,2020-09-18T00:00:00.000Z
936,2,2020-09-25T00:00:00.000Z
937,0,2020-02-22T00:00:00.000Z
937,2,2020-02-29T00:00:00.000Z
937,3,2020-08-29T00:00:00.000Z
938,0,2020-08-01T00:00:00.000Z
938,1,2020-08-08T00:00:00.000Z
938,3,2020-11-08T00:00:00.000Z
939,0,2020-03-20T00:00:00.000Z
939,1,2020-03-27T00:00:00.000Z
939,2,2020-08-16T00:00:00.000Z
940,0,2020-01-17T00:00:00.000Z
940,2,2020-01-24T00:00:00.000Z
940,4,2020-03-22T00:00:00.000Z
941,0,2020-09-15T00:00:00.000Z
941,2,2020-09-22T00:00:00.000Z
942,0,2020-12-06T00:00:00.000Z
942,1,2020-12-13T00:00:00.000Z
942,4,2021-01-18T00:00:00.000Z
943,0,2020-11-13T00:00:00.000Z
943,1,2020-11-20T00:00:00.000Z
943,3,2021-01-14T00:00:00.000Z
944,0,2020-09-24T00:00:00.000Z
944,1,2020-10-01T00:00:00.000Z
944,2,2021-01-14T00:00:00.000Z
945,0,2020-01-07T00:00:00.000Z
945,1,2020-01-14T00:00:00.000Z
945,3,2020-03-25T00:00:00.000Z
946,0,2020-07-10T00:00:00.000Z
946,2,2020-07-17T00:00:00.000Z
946,3,2020-12-17T00:00:00.000Z
947,0,2020-07-13T00:00:00.000Z
947,1,2020-07-20T00:00:00.000Z
947,3,2020-09-19T00:00:00.000Z
948,0,2020-03-16T00:00:00.000Z
948,1,2020-03-23T00:00:00.000Z
948,4,2020-08-18T00:00:00.000Z
949,0,2020-10-07T00:00:00.000Z
949,2,2020-10-14T00:00:00.000Z
950,0,2020-09-13T00:00:00.000Z
950,2,2020-09-20T00:00:00.000Z
950,3,2021-01-20T00:00:00.000Z
951,0,2020-07-30T00:00:00.000Z
951,2,2020-08-06T00:00:00.000Z
952,0,2020-08-22T00:00:00.000Z
952,2,2020-08-29T00:00:00.000Z
953,0,2020-09-08T00:00:00.000Z
953,1,2020-09-15T00:00:00.000Z
954,0,2020-11-23T00:00:00.000Z
954,4,2020-11-30T00:00:00.000Z
955,0,2020-07-28T00:00:00.000Z
955,2,2020-08-04T00:00:00.000Z
956,0,2020-02-20T00:00:00.000Z
956,1,2020-02-27T00:00:00.000Z
956,2,2020-07-12T00:00:00.000Z
956,3,2021-01-12T00:00:00.000Z
957,0,2020-04-28T00:00:00.000Z
957,4,2020-05-05T00:00:00.000Z
958,0,2020-07-06T00:00:00.000Z
958,1,2020-07-13T00:00:00.000Z
958,2,2020-11-22T00:00:00.000Z
958,3,2021-01-22T00:00:00.000Z
959,0,2020-04-22T00:00:00.000Z
959,1,2020-04-29T00:00:00.000Z
960,0,2020-10-22T00:00:00.000Z
960,2,2020-10-29T00:00:00.000Z
960,3,2021-02-28T00:00:00.000Z
961,0,2020-09-12T00:00:00.000Z
961,1,2020-09-19T00:00:00.000Z
961,3,2020-11-21T00:00:00.000Z
962,0,2020-06-03T00:00:00.000Z
962,1,2020-06-10T00:00:00.000Z
962,2,2020-09-23T00:00:00.000Z
962,4,2020-11-20T00:00:00.000Z
963,0,2020-01-04T00:00:00.000Z
963,2,2020-01-11T00:00:00.000Z
964,0,2020-10-09T00:00:00.000Z
964,1,2020-10-16T00:00:00.000Z
964,4,2021-02-27T00:00:00.000Z
965,0,2020-06-19T00:00:00.000Z
965,1,2020-06-26T00:00:00.000Z
966,0,2020-02-09T00:00:00.000Z
966,1,2020-02-16T00:00:00.000Z
967,0,2020-08-21T00:00:00.000Z
967,1,2020-08-28T00:00:00.000Z
967,2,2021-01-15T00:00:00.000Z
967,3,2021-04-15T00:00:00.000Z
968,0,2020-11-22T00:00:00.000Z
968,2,2020-11-29T00:00:00.000Z
969,0,2020-02-21T00:00:00.000Z
969,2,2020-02-28T00:00:00.000Z
969,3,2020-06-28T00:00:00.000Z
970,0,2020-10-05T00:00:00.000Z
970,1,2020-10-12T00:00:00.000Z
971,0,2020-01-02T00:00:00.000Z
971,2,2020-01-09T00:00:00.000Z
972,0,2020-02-05T00:00:00.000Z
972,3,2020-02-12T00:00:00.000Z
973,0,2020-01-08T00:00:00.000Z
973,4,2020-01-15T00:00:00.000Z
974,0,2020-09-10T00:00:00.000Z
974,1,2020-09-17T00:00:00.000Z
974,3,2020-10-16T00:00:00.000Z
975,0,2020-11-15T00:00:00.000Z
975,1,2020-11-22T00:00:00.000Z
975,3,2021-04-30T00:00:00.000Z
976,0,2020-11-11T00:00:00.000Z
976,1,2020-11-18T00:00:00.000Z
976,3,2021-02-13T00:00:00.000Z
977,0,2020-08-04T00:00:00.000Z
977,1,2020-08-11T00:00:00.000Z
977,4,2020-11-03T00:00:00.000Z
978,0,2020-08-27T00:00:00.000Z
978,2,2020-09-03T00:00:00.000Z
978,3,2020-11-03T00:00:00.000Z
979,0,2020-12-28T00:00:00.000Z
979,1,2021-01-04T00:00:00.000Z
980,0,2020-06-12T00:00:00.000Z
980,2,2020-06-19T00:00:00.000Z
981,0,2020-02-16T00:00:00.000Z
981,2,2020-02-23T00:00:00.000Z
982,0,2020-06-13T00:00:00.000Z
982,1,2020-06-20T00:00:00.000Z
982,2,2020-10-14T00:00:00.000Z
983,0,2020-12-12T00:00:00.000Z
983,1,2020-12-19T00:00:00.000Z
984,0,2020-06-30T00:00:00.000Z
984,1,2020-07-07T00:00:00.000Z
984,4,2020-09-30T00:00:00.000Z
985,0,2020-08-02T00:00:00.000Z
985,4,2020-08-09T00:00:00.000Z
986,0,2020-11-16T00:00:00.000Z
986,1,2020-11-23T00:00:00.000Z
986,4,2021-04-13T00:00:00.000Z
987,0,2020-01-05T00:00:00.000Z
987,4,2020-01-12T00:00:00.000Z
988,0,2020-05-02T00:00:00.000Z
988,4,2020-05-09T00:00:00.000Z
989,0,2020-09-03T00:00:00.000Z
989,2,2020-09-10T00:00:00.000Z
989,3,2021-01-10T00:00:00.000Z
990,0,2020-07-23T00:00:00.000Z
990,1,2020-07-30T00:00:00.000Z
991,0,2020-10-18T00:00:00.000Z
991,2,2020-10-25T00:00:00.000Z
992,0,2020-10-17T00:00:00.000Z
992,2,2020-10-24T00:00:00.000Z
993,0,2020-10-31T00:00:00.000Z
993,4,2020-11-07T00:00:00.000Z
994,0,2020-07-25T00:00:00.000Z
994,1,2020-08-01T00:00:00.000Z
994,2,2020-08-27T00:00:00.000Z
995,0,2020-06-11T00:00:00.000Z
995,1,2020-06-18T00:00:00.000Z
995,2,2020-12-06T00:00:00.000Z
996,0,2020-11-11T00:00:00.000Z
996,1,2020-11-18T00:00:00.000Z
996,4,2020-12-07T00:00:00.000Z
997,0,2020-07-27T00:00:00.000Z
997,1,2020-08-03T00:00:00.000Z
997,2,2020-08-26T00:00:00.000Z
997,4,2020-11-14T00:00:00.000Z
998,0,2020-10-12T00:00:00.000Z
998,2,2020-10-19T00:00:00.000Z
999,0,2020-10-23T00:00:00.000Z
999,2,2020-10-30T00:00:00.000Z
999,4,2020-12-01T00:00:00.000Z
1000,0,2020-03-19T00:00:00.000Z
1000,2,2020-03-26T00:00:00.000Z
1000,4,2020-06-04T00:00:00.000Z
